{"val_f1":0.964234059342885,"test_f1":0.9595472437975214,"val_precision":0.964657678071541,"epoch":10,"test_precision":0.9600987104001861,"val_loss":0.14130498876603106,"test_accuracy":0.9598,"_timestamp":1.7711552398046305e+09,"test_recall":0.9594229045793636,"confusion_matrix_table":{"nrows":100,"artifact_path":"wandb-client-artifact://nx7n6vs4fxck9ofbsjkfu3vlpsc8mwisdfwkl0xfi9o4s628h30tofysvbb1fsiedhh3xhstwo98y6ypau1cdi6hiik9huyiibe78a2eb89dzwgk4roizniq7c3q40js/confusion_matrix_table.table.json","size":1793,"ncols":3,"sha256":"fef9f2735403cf64b70de00042bbff9dc9321120328efa6789bf5b943dfe9c47","_type":"table-file","_latest_artifact_path":"wandb-client-artifact://phfp4whje7kup8s8ti22x4dmlabn2cwps60uo7y50p6t4ng83g9is35if2g0u48e1s56alyai1f1zmokfh2ojie7dii6or0xw96vwaadi6wa5gk698op4jb1qdkwqepn:latest/confusion_matrix_table.table.json","log_mode":"IMMUTABLE","path":"media/table/confusion_matrix_table_10_fef9f2735403cf64b70d.table.json"},"test_loss":0.13907541661413386,"_runtime":82,"val_accuracy":0.9643333333333334,"_wandb":{"runtime":82},"val_recall":0.9641838090833661,"train_loss":0.09618106003180893,"_step":10}