{"test_loss":0.1999597925353186,"val_f1":0.9414066430507532,"test_accuracy":0.9395,"test_recall":0.9386599498836571,"train_loss":0.18858677193495613,"confusion_matrix_table":{"artifact_path":"wandb-client-artifact://5oe5vrx69g0v1sdabze2246x71zb3kuqdafchbq1g1oq7s7rw5t6lwo8d61sz3mowut092606wno9a154xydmtivop8a0254vw2bihvyyht3epkacqk1ynqlfzjwlbpe/confusion_matrix_table.table.json","path":"media/table/confusion_matrix_table_3_89f7ff0ed00e888f433d.table.json","log_mode":"IMMUTABLE","_type":"table-file","_latest_artifact_path":"wandb-client-artifact://cdnzq84haev6jkrjrgid4mjbnefjonl43rf9qf9zoacqy1vqlscbwkby4lx646pz72effawfekdkobdgcebnjghugu94hksf4fi9z6rsvyicoi63wpdbzxuciiwvhplv:latest/confusion_matrix_table.table.json","ncols":3,"sha256":"89f7ff0ed00e888f433dfa0e10f6431db5a4f9f640ae65c0b09e30df34682a07","nrows":100,"size":1803},"val_accuracy":0.9415,"val_loss":0.2020357632074097,"val_precision":0.9429201522815329,"_step":3,"val_recall":0.9410745669989871,"test_precision":0.9398773392217166,"epoch":3,"test_f1":0.9390627618379751,"_wandb":{"runtime":46},"_runtime":46,"_timestamp":1.7711573974392118e+09}