{"val_precision":0.9713805499229144,"val_f1":0.9712233005449755,"val_accuracy":0.9713333333333334,"test_loss":0.09204431776554634,"test_precision":0.9717605229728079,"_timestamp":1.7711441836563659e+09,"train_loss":0.04508695109655941,"test_accuracy":0.9718,"_step":10,"_wandb":{"runtime":22},"test_recall":0.971591786048338,"test_f1":0.9716171864269322,"epoch":10,"confusion_matrix_table":{"nrows":100,"log_mode":"IMMUTABLE","path":"media/table/confusion_matrix_table_10_2d971829c41afc954db0.table.json","sha256":"2d971829c41afc954db01839c1e8feb95d3aa01b8a2ead050fd4bc5897aeaea2","_latest_artifact_path":"wandb-client-artifact://9wt29dkbbaez46yuek3fchqwpigv934t8ba1y5eght9pwzeolwdtw25ct2zjv6uqbjomexuqkdqq4p7xcd2h4v7j2h8wj9fmljxyvqpy9ui2ws2t6qimpkq866s381uf:latest/confusion_matrix_table.table.json","ncols":3,"artifact_path":"wandb-client-artifact://wupwqwr83dej96p8vzqtmuvhj2h8f1gr71j1b2tofeqx2cldnlwwg6hlehpvbs1ngcakt5y942c1terr79dkf4d0q2xxg9vekrve6gy5wmzm4ddmn6bsqtj83msffl5r/confusion_matrix_table.table.json","size":1788,"_type":"table-file"},"val_recall":0.9712035107225828,"val_loss":0.10759281409895619,"_runtime":22}