{"_step":2,"grad_neuron_1":0.5071986853182421,"grad_neuron_2":0.22134033463081207,"_wandb":{"runtime":4},"_runtime":4,"grad_neuron_0":0.0385084221878917,"iteration":0,"_timestamp":1.772899976276717e+09}