{"grad_neuron_0":0.06870459573175021,"grad_neuron_4":0.028808725335646244,"val_f1":0.971206965458221,"train_loss":0.07117040922076114,"test_recall":0.9701716808408971,"confusion_matrix_table":{"ncols":3,"size":1791,"log_mode":"IMMUTABLE","_type":"table-file","artifact_path":"wandb-client-artifact://0zqi7seffyosimr3nykj82u5f3keeiyaqudw9jea80bxbkb8qczbl6igh7ibhae97b4ldpbwi8srnoj0c7qjgk15k5xxw8r3irniqjx72nhpmm4xos25mklmej5u08ad/confusion_matrix_table.table.json","nrows":100,"_latest_artifact_path":"wandb-client-artifact://xrdpe1bw60f8ux1ttkhlbitjbvt10k6fmahls69rbthoxtz5amahsbtxam0rg6nhp2rivv9h5entmlg1pyw1kyrxxwzoj0hudbkwst7suok6vxl7nt5fbx3afatw3mot:latest/confusion_matrix_table.table.json","path":"media/table/confusion_matrix_table_253_a8624e81e674241e00cc.table.json","sha256":"a8624e81e674241e00cc5689835bcef98ae0c8acd7297beb6fb8d8f5df715470"},"_wandb":{"runtime":42},"val_loss":0.1003090790264686,"_step":253,"test_accuracy":0.9705,"grad_neuron_1":0.043635200025959074,"val_accuracy":0.9713333333333334,"test_precision":0.9707973726783475,"_timestamp":1.7728993938836718e+09,"val_recall":0.9709866784838633,"val_precision":0.9717310249146728,"grad_neuron_3":0.08628465813370025,"_runtime":42,"test_f1":0.9703622142297187,"epoch":3,"test_loss":0.09793880709023685,"grad_neuron_2":0.11317889469078696,"iteration":49}