{"val_precision":0.9572535447442874,"_wandb":{"runtime":63},"test_loss":0.14537991794387653,"test_f1":0.9586027877882538,"_runtime":63,"epoch":8,"test_recall":0.9582923101148598,"val_recall":0.9575274405122125,"_step":8,"train_loss":0.10926636358904968,"confusion_matrix_table":{"path":"media/table/confusion_matrix_table_8_21c1f70582b69706e8a9.table.json","size":1794,"sha256":"21c1f70582b69706e8a940c9dfa85b504d4e84501aab185cac8e4ffbc10c8b0c","log_mode":"IMMUTABLE","_type":"table-file","ncols":3,"artifact_path":"wandb-client-artifact://ej3axodw0ohwmawm573tcmy2a5ske9zzrr0hbfiufcrxtccuyyz3442j34zbdyeod25c37dl8bbpj9n5mpjkatpkd5zm9e4tymesm97ef5kot4cts1iyfzkx51ijh3s9/confusion_matrix_table.table.json","_latest_artifact_path":"wandb-client-artifact://4t7xo1r4wzpd3xkfkadpodyyyzlbhfosymgzc2bj9rvcrrgl9xt2rmwizonv0c4jtlcglvjpfwpcg6uy4bad30i9q04593zy5hjacfy7vkozjc5jijym1i81sz1yhwgd:latest/confusion_matrix_table.table.json","nrows":100},"val_accuracy":0.9573333333333334,"val_f1":0.9571755071654389,"val_loss":0.15464417154301402,"_timestamp":1.771146883307785e+09,"test_accuracy":0.9589,"test_precision":0.959215248328632}