{"_wandb":{"runtime":32},"val_f1":0.9538744812286947,"test_loss":0.1568275547506351,"val_loss":0.16078602204679876,"val_recall":0.9540435949250503,"_step":6,"train_loss":0.11200005657167927,"test_f1":0.953447397371899,"_runtime":32,"test_recall":0.9532368131098586,"test_accuracy":0.954,"val_precision":0.9543966945421225,"val_accuracy":0.954,"confusion_matrix_table":{"_latest_artifact_path":"wandb-client-artifact://n9fufegl70xd2t8zk49ly5oa5b2fmot15q1yocevugccazaajuza9zv369vqb10pndpqvn99oe58vdq5agaa5i7obbg75flxwvxpqn511qr475b3e2chjkloisdg9pgf:latest/confusion_matrix_table.table.json","path":"media/table/confusion_matrix_table_6_dadff84327b9f6fd6a34.table.json","size":1798,"sha256":"dadff84327b9f6fd6a348343be657e6196f1d38ac9251432dc0612f41d5ba7ed","nrows":100,"artifact_path":"wandb-client-artifact://07uujuejbsd2262gzkk5pyy10akol0cv2xlbpn66gv2f09hnkcoeo4lo6j1h8h00o97wzph0glzg0pwa9iowzll6ci5l3w9ipywok9032hxljsbsgwswb9te04g0v5t6/confusion_matrix_table.table.json","log_mode":"IMMUTABLE","ncols":3,"_type":"table-file"},"epoch":6,"test_precision":0.9541696546227028,"_timestamp":1.771154080781433e+09}