{"train_loss":0.016131056253253617,"test_recall":0.9769201866721641,"val_recall":0.9754326315744283,"test_f1":0.9769259442688852,"test_accuracy":0.9771,"epoch":10,"val_precision":0.9757937773902723,"val_accuracy":0.9756666666666667,"_runtime":64,"_wandb":{"runtime":64},"confusion_matrix_table":{"size":1788,"ncols":3,"path":"media/table/confusion_matrix_table_10_399769196b5059b0c4c5.table.json","_type":"table-file","artifact_path":"wandb-client-artifact://gc7t4fisvmmvhw7c7hqyyg8n0i0hsptfz8jp4tjfgfvyzs5zomngymnzcocbhtqczfyegfgvicbbb133vyg512gw1y8vk5iyrw9yumhafi0bp5njen9aaccyadooe2x2/confusion_matrix_table.table.json","_latest_artifact_path":"wandb-client-artifact://5dortbn1r3gq1v9ft5tt0zmtgw5r9ne0t6tgr518vujgbzemvwl1lse5p3flir9telbx37rbk0gvkmjwce9bloy5rneethvefmievms6n3gfxgos40r3zcgeovq4h5pz:latest/confusion_matrix_table.table.json","log_mode":"IMMUTABLE","nrows":100,"sha256":"399769196b5059b0c4c571c10de8dde8268b04ffc6d4bd17ee54861de0f163ed"},"val_f1":0.975579134674373,"test_precision":0.9770594985869299,"_step":10,"test_loss":0.08432439435936462,"val_loss":0.11014434992692744,"_timestamp":1.7728301792087443e+09}