{"_step":5,"val_precision":0.9494023785732498,"val_recall":0.9466182995825292,"confusion_matrix_table":{"path":"media/table/confusion_matrix_table_5_cba7d50fcde06946a72e.table.json","_type":"table-file","sha256":"cba7d50fcde06946a72e493b6136fff7cdae0391d89444e47c12fd3f9290ade5","log_mode":"IMMUTABLE","size":1800,"ncols":3,"_latest_artifact_path":"wandb-client-artifact://qs88fato37xxzn7836gfufw8kxkpegi8db2de6ih885ji7c43w70qlo4x3avz2k4y9lyspsudwvnhoowmfrg35w4hc2wbsz1v1mzzigo80edbvo1mus4ncxgbkrcr61i:latest/confusion_matrix_table.table.json","artifact_path":"wandb-client-artifact://xnw3ue97m6an6f7dkusnksncgltpss4sc07gtuxvrzexgpqpr8hja8ejsr1jzbhjio7zf4fit3kg4otfrci9d6otvihp3a91p75gqfqua4a0zrzm9k7if66a2pceaub7/confusion_matrix_table.table.json","nrows":100},"test_accuracy":0.9584,"_runtime":50,"val_loss":0.27064406793482804,"test_loss":0.15416890841847164,"val_accuracy":0.9468333333333333,"test_precision":0.9584847647938615,"_wandb":{"runtime":50},"epoch":5,"test_recall":0.9577629126301815,"test_f1":0.9578942954085556,"train_loss":0.17061602382056848,"_timestamp":1.771158355294753e+09,"val_f1":0.9469373890205967}