{"test_recall":0.9463341478366394,"_timestamp":1.7711539121666048e+09,"test_f1":0.946461996334483,"epoch":5,"val_loss":0.19129342028937404,"test_accuracy":0.947,"test_precision":0.947089639135576,"confusion_matrix_table":{"_type":"table-file","artifact_path":"wandb-client-artifact://rdrgu4z6bedwbqzdg1q2hpvvlynw8dy5q2p5tpmzrpwpql0ysk4l7cis1z8g4k81g0d493qzzkcd7ialsweff5yamwmnttsf3fyhta3oh2303jj6d6v0spmu8sneh4t8/confusion_matrix_table.table.json","_latest_artifact_path":"wandb-client-artifact://tn2vpn2ns1te32hnfgtvpujtt0kjv0agr8z92y4srz6qenxlcb5wxznzcuwssly30sh86a5qrbt2rcxtztbg2uytcm8fgia8pg0ehzjxkbaavob9ce7vulp8yyyg0izk:latest/confusion_matrix_table.table.json","ncols":3,"size":1805,"path":"media/table/confusion_matrix_table_5_54450010a2fa49add161.table.json","log_mode":"IMMUTABLE","sha256":"54450010a2fa49add1617ea3e3bfcdd3cffebed302916becd17f3dee0e1fcc4b","nrows":100},"train_loss":0.16037819179220725,"test_loss":0.17988895471344046,"_runtime":5832,"val_precision":0.9478227557939503,"val_f1":0.9471940621884055,"val_accuracy":0.9475,"_wandb":{"runtime":5832},"_step":5,"val_recall":0.9468942759917958}