{"val_precision":0.9628119125600794,"test_recall":0.9591396593983603,"val_f1":0.9625713398456682,"test_loss":0.14629851921566406,"_timestamp":1.7711479844066057e+09,"train_loss":0.09730300837656523,"val_accuracy":0.9626666666666667,"confusion_matrix_table":{"size":1797,"_latest_artifact_path":"wandb-client-artifact://5fv82evrzuicme4m1gmwzrhzuy4wc606ti4t15d6bbueasuiae16y3zcohzfrn13o9lwi0actpzhwi8aefe7via0gppuj5n75x18jcozk1nekeqezi6mic5ryibknonw:latest/confusion_matrix_table.table.json","sha256":"735c24fd27c65c0d236ee288484acca78e502b0a69f49cc9ecbe8d0c60d524a5","ncols":3,"nrows":100,"artifact_path":"wandb-client-artifact://ihxoxp860y9569cstof2iuy2j999kb8xavhu7hdvcbscjcitg8xzo9alulku4x4qxnrt6v8vuvk6cxkg7eexcwh1vpb3m4dwt4kxuve7i1jov65a7iyurj5fpahr89gh/confusion_matrix_table.table.json","log_mode":"IMMUTABLE","_type":"table-file","path":"media/table/confusion_matrix_table_6_735c24fd27c65c0d236e.table.json"},"test_f1":0.9591538071038317,"val_recall":0.962452249920538,"test_precision":0.9595753719507139,"_runtime":61,"_wandb":{"runtime":61},"test_accuracy":0.9594,"epoch":6,"val_loss":0.16250255170306768,"_step":6}