{"val_f1":0.9716277389118153,"val_accuracy":0.9716666666666667,"test_accuracy":0.9701,"_timestamp":1.771154421158041e+09,"test_loss":0.10143937379406441,"test_recall":0.9698679580837481,"epoch":10,"_wandb":{"runtime":42},"train_loss":0.05762956542478737,"_step":10,"confusion_matrix_table":{"sha256":"0796b23b832c9cb7c31c5718cb5a76db3e26d799fa7cc70283e703f2ecd0629a","_latest_artifact_path":"wandb-client-artifact://8zbh0t3uieo9im2sikkqs2z5fymh279ripxyhwdsjlsg0tl276q6gl9bezs0crn63hbituw2v6asv8uqyg7ril2a86bcl89kxvo8ujmlmjsfc8gr3jw3kjkj4ramfzzb:latest/confusion_matrix_table.table.json","nrows":100,"path":"media/table/confusion_matrix_table_10_0796b23b832c9cb7c31c.table.json","size":1790,"_type":"table-file","ncols":3,"log_mode":"IMMUTABLE","artifact_path":"wandb-client-artifact://zfv0wws7sae8omy3x8n66449f9rme5q6zo34lasaghtnjxzmiwt09w4ewdfwsnmbvrh07k20lvdn1jyoru6m0s2gjoine2y9f5zts8b5l978w5veyoy68ke4zl3ynwgy/confusion_matrix_table.table.json"},"val_precision":0.971620619587991,"test_precision":0.9697678162349155,"val_recall":0.9717154163518578,"val_loss":0.10271096595540215,"test_f1":0.9697627704073645,"_runtime":42}