{"val_precision":0.9325486721532075,"_step":10,"confusion_matrix_table":{"ncols":3,"path":"media/table/confusion_matrix_table_10_aceab4d9f77562fd767d.table.json","_latest_artifact_path":"wandb-client-artifact://4wo03fyz9sq4en0frd6kdh0h5trhdcr3ett5tcnsf1661das7lz0l9r9k3f39241zqmkq7dp3nywsfm2j140ucjx8j109erfpsk3bd7axwoaso68v9cawmv2j4pi1x53:latest/confusion_matrix_table.table.json","sha256":"aceab4d9f77562fd767d4b6e833a8f263e0c6beac67b8331152c995be6c4e7fb","log_mode":"IMMUTABLE","artifact_path":"wandb-client-artifact://i725zdk3y2c5cf9l7nf5offnc4dmy0vp8idqb0djikti1bczhe6c4fmzpolr0yltbrzjly6duasnra743czhe61wzed250tc5w4wwkysvwfom44fcdeqr9i60q5rqhsj/confusion_matrix_table.table.json","nrows":100,"_type":"table-file","size":1808},"epoch":10,"_runtime":53,"_wandb":{"runtime":53},"val_accuracy":0.9326666666666666,"test_loss":0.2305257016461505,"test_f1":0.9317817190352555,"train_loss":0.22642604518441767,"val_f1":0.9322498935242642,"test_precision":0.9319226720269274,"val_recall":0.9323841175119616,"test_recall":0.931792247133014,"val_loss":0.2363792405921076,"_timestamp":1.7711455328091998e+09,"test_accuracy":0.9326}