{"epoch":8,"val_f1":0.9698421326626487,"confusion_matrix_table":{"log_mode":"IMMUTABLE","ncols":3,"sha256":"b0118bc261f74281fc870bf5441963e01fdd1e058de6e1afea10aa935e75e591","_latest_artifact_path":"wandb-client-artifact://xqfjkbg9ltgffbpzqow8nih0db93n3ka02vs65lzzezscviiqegw7tbrn9eeianjz46rwcfount6ff6lb0tb3kjrx7zcjetve8ajd0g7acuk7y63syx35kuxs5c7t134:latest/confusion_matrix_table.table.json","path":"media/table/confusion_matrix_table_8_b0118bc261f74281fc87.table.json","nrows":100,"size":1790,"_type":"table-file","artifact_path":"wandb-client-artifact://05tvjpv6x692nbij8k25rm8twvp3fqgxqtfivrlp69xjo6mtxczj7ivvlbr30uord087wpo0d81jabetqg00rqd7xm91b6n78vesp2b9slbvfc2crt28elngtp3d41va/confusion_matrix_table.table.json"},"_runtime":77,"train_loss":0.04365113378355486,"test_accuracy":0.9729,"val_precision":0.9703442871322887,"val_recall":0.9697025559198676,"_step":8,"val_accuracy":0.9698333333333333,"test_precision":0.9732687383035128,"val_loss":0.10993950377454359,"test_f1":0.9727970245341121,"_wandb":{"runtime":77},"test_recall":0.9725178442921679,"test_loss":0.09229327737372062,"_timestamp":1.7711586769947438e+09}