{"val_precision":0.9717579450083177,"train_loss":0.04731649260767204,"test_f1":0.9706812688113825,"_step":5,"val_f1":0.9712294264255602,"_runtime":68,"_timestamp":1.7711573339736555e+09,"val_loss":0.10473280801370762,"test_precision":0.9709695533482467,"test_recall":0.9705914876456372,"test_accuracy":0.9709,"epoch":5,"val_recall":0.9709659360596218,"confusion_matrix_table":{"path":"media/table/confusion_matrix_table_5_fd579cfde608629d69d8.table.json","artifact_path":"wandb-client-artifact://hhmkqzo09di4ez92z95ugm26qrfe1sbnf4mlpumpe0dvg8vcc5hj7horwmsww1feu3mhlk0xsq3eao37twasbrwy7lsfd7udhvb93nj713kfa2836si1fvany1fjk4f4/confusion_matrix_table.table.json","nrows":100,"sha256":"fd579cfde608629d69d87a997ec469fda2fe9793011fecb8904fbe0e98099ece","size":1791,"_type":"table-file","ncols":3,"_latest_artifact_path":"wandb-client-artifact://30xhqe3vmb3h8jmsxe353sikvne005vap6bsy1ba3tui9c4hrfudf8mj1t2y2ir2k50oj1c2fmy8flbnh2g0jx0mos7zk4b7qyh3ifodqs8ce8yf5n1zd2nybdz8x9vt:latest/confusion_matrix_table.table.json","log_mode":"IMMUTABLE"},"_wandb":{"runtime":68},"val_accuracy":0.9713333333333334,"test_loss":0.09206634946693093}