{"val_f1":0.9495209659012606,"val_accuracy":0.9495,"val_loss":0.19768206188102946,"epoch":5,"train_loss":0.13862432718741205,"test_f1":0.9534106330971414,"confusion_matrix_table":{"size":1799,"_latest_artifact_path":"wandb-client-artifact://cjzb0uu9ccyosmmvhnitjbrn2xgqq50ics2huzt3sa283v1o4puej6czwpc41pnrbliki6ljtju8jqy3f5hv5mhmadke7sz6ozilmw6q3ce1i62h8uu1fh2k6rgeb2cf:latest/confusion_matrix_table.table.json","nrows":100,"path":"media/table/confusion_matrix_table_5_5a38d69b1eb040a69441.table.json","log_mode":"IMMUTABLE","artifact_path":"wandb-client-artifact://uelkr05ifyve3ogiax9qwgo2kwqe7b0fw4r8k5x5gw7472o833bqqbpytfj4k4xlp0i02kvigigdindvg2k6nz53gy1dfnafkcuwn9eo3m1e19k96ilhmtsx8v7liqpt/confusion_matrix_table.table.json","sha256":"5a38d69b1eb040a69441e6d0feaefda78fd28158a8616f77a759216376cdff81","ncols":3,"_type":"table-file"},"test_accuracy":0.9539,"_runtime":62,"val_recall":0.9497288610177066,"_step":5,"test_recall":0.9531283610428556,"test_loss":0.16276390796253631,"_timestamp":1.7711541646691685e+09,"_wandb":{"runtime":62},"val_precision":0.9509125828071072,"test_precision":0.9540911714590752}