{"_step":10,"_wandb":{"runtime":60},"test_loss":0.46857574920514455,"_timestamp":1.7711454591207511e+09,"val_recall":0.8762117247199903,"test_recall":0.8767880691895131,"val_accuracy":0.8773333333333333,"val_f1":0.8756920833568923,"test_accuracy":0.8789,"train_loss":0.48170166678042087,"test_precision":0.8776063823920103,"epoch":10,"confusion_matrix_table":{"ncols":3,"_type":"table-file","size":1826,"log_mode":"IMMUTABLE","sha256":"c56941842578b424d179f8661a798a54934d162673cc5553e0b255a0d061be8d","_latest_artifact_path":"wandb-client-artifact://m58rtvvhpyw8s6i27fmnxh4qh6wz8h64vc345adnvx84c29ad4d91b1y4hpdff2sbvxu8uip3fw2n0dgatfgnfh96uwezqhstwpmc135zg91h58v9pe9qizdid7qli38:latest/confusion_matrix_table.table.json","path":"media/table/confusion_matrix_table_10_c56941842578b424d179.table.json","nrows":100,"artifact_path":"wandb-client-artifact://1efr9d8gf2kiwznunsys9ej2hkg97g9dqvuhw6ziaotthh67sq6ajjrlfxuezyevw0l2f7fp3em5hpk4859snhfoo48ad9acmwdsltnvkfaaaje2elcsrgeaul0apkil/confusion_matrix_table.table.json"},"test_f1":0.8766981423106941,"_runtime":60,"val_precision":0.8766045618448963,"val_loss":0.46850328658602}