{"train_loss":0.10507436481906977,"val_recall":0.9631045480883775,"test_loss":0.14011490729323814,"test_recall":0.9615307986681578,"test_accuracy":0.9621,"_step":5,"test_precision":0.9632922562033611,"_runtime":56,"val_loss":0.15468143771013418,"_timestamp":1.7711462764184945e+09,"test_f1":0.9620148879886774,"val_f1":0.9627485967434655,"val_accuracy":0.963,"val_precision":0.9627317181757189,"_wandb":{"runtime":56},"epoch":5,"confusion_matrix_table":{"_latest_artifact_path":"wandb-client-artifact://gfwltbwo7ehauvfrpagkiwnjydkwpszdljwrwp38y0slz5ntfkq8gblq9d5ch1rwwkh48iobkswqth6zk4wumxmsnyceihgwvkiu5t5d5jiam7wkfaoxr9oha2lskxe4:latest/confusion_matrix_table.table.json","ncols":3,"log_mode":"IMMUTABLE","nrows":100,"size":1792,"sha256":"fbcc23252bf79447fe3af6d118c29a968b312f4ebfc67a10b5c4cbcf61a1ddda","artifact_path":"wandb-client-artifact://6w0ip4qdx6jqfkz545wqpzbg3bflz1xg5idlxbptgikxgzkdrfl7pd2sk9eobzpbcjx8rra2h7n7spk4fft6jfo51706lwr5d5971rjeskd1fe6vzgofuxr2tjscmqb9/confusion_matrix_table.table.json","path":"media/table/confusion_matrix_table_5_fbcc23252bf79447fe3a.table.json","_type":"table-file"}}