{"val_precision":0.9777408864775439,"epoch":9,"train_loss":0.021442451415394536,"test_precision":0.9762137372324731,"test_recall":0.976122033773658,"_timestamp":1.771146144876045e+09,"val_f1":0.9777355571817239,"test_accuracy":0.9763,"_runtime":69,"val_loss":0.08743320591426035,"val_recall":0.9777700683655727,"test_f1":0.9761258938163533,"_wandb":{"runtime":69},"test_loss":0.08645066860824777,"_step":9,"val_accuracy":0.9778333333333333,"confusion_matrix_table":{"size":1789,"ncols":3,"_type":"table-file","sha256":"7d84575b2e5506b526ec1617095be9700ec9e1c6df6a725b19c4996ab91ef3eb","path":"media/table/confusion_matrix_table_9_7d84575b2e5506b526ec.table.json","log_mode":"IMMUTABLE","nrows":100,"artifact_path":"wandb-client-artifact://bc8vmqza9pz05aqkcoysjwltiwzhgmfcvhdza07d5qr04sfeu5vtm3xxro14zr4ha6wkad4wtetwqkkploy121tcvx6rjke711av8ydsfdrym4x9qye4gx1bnb5p2n3v/confusion_matrix_table.table.json","_latest_artifact_path":"wandb-client-artifact://e0htmucm410r81eufu0ztwo08zpxlnxlewjek4hzd6zjfdlkmrk8w48j353k49gvsa361i2sporkrs3eakfkygd5fz4qv8rffqdut5igrb6aykfkatnjcy5rb6s819ke:latest/confusion_matrix_table.table.json"}}