{"val_f1":0.8760109266074702,"_runtime":27,"epoch":10,"test_accuracy":0.8791,"train_loss":0.4713693548761415,"val_accuracy":0.8771666666666667,"test_recall":0.8771896378921584,"test_f1":0.8771877330779898,"test_loss":0.4552020064448334,"test_precision":0.8778496994890013,"confusion_matrix_table":{"nrows":100,"artifact_path":"wandb-client-artifact://bkibed3bklh3ojhd62s4wv1wg3p2rvfwm2m80zfh0r5ndrb2zljp5qdfu7cpggxpzxinyqxt9qtd0qmsd5o2cpk5lx9t7yqf0txpxwl8ilhmiwpytct8vz8gmob1hz2c/confusion_matrix_table.table.json","path":"media/table/confusion_matrix_table_10_3a3fc487c3e5766c2007.table.json","_latest_artifact_path":"wandb-client-artifact://b5lihhbah76rql4s3vumdialiwhzi4j98eg069jzg3alpbj387bjcyjj56g8cil8cna6s74i6urjszg2nn2v4291njbs91r9zb9buru535n762zdc8r2y5gtrhrr5whx:latest/confusion_matrix_table.table.json","sha256":"3a3fc487c3e5766c20072fce7aa1b9dff84c1817efea3f08b96440de304a83c9","log_mode":"IMMUTABLE","size":1828,"_type":"table-file","ncols":3},"val_loss":0.4592224402560696,"val_recall":0.8762785263446167,"_step":10,"_timestamp":1.7711445498125806e+09,"val_precision":0.8767365778563402,"_wandb":{"runtime":27}}