{"test_recall":0.849467152112615,"confusion_matrix_table":{"ncols":3,"log_mode":"IMMUTABLE","sha256":"a688fcb6027e7b81e2bd91465803448ce79579b77ef2c55eec7898c384124a8e","_latest_artifact_path":"wandb-client-artifact://yxna76no1aje7xi0y510ki2iv0moe072rcujxd8lvmwuhk3oo7ilr01ecicpuvabo515kv09aiw1ch8mr9wuf6l3f9iwigec7dyu8imgwwzroh55rkjhr6ew07pv9ulr:latest/confusion_matrix_table.table.json","artifact_path":"wandb-client-artifact://s3j01n60i0gpq1081cs0qr8kwfg3jpowrbogix9k83y28ki0yerzeux3tdey37lirbe60av0v985zwjg1oiuwrtd8hqo7izt0ds80ac8si4vhlnmp6mtbz1cw7w4mdmd/confusion_matrix_table.table.json","path":"media/table/confusion_matrix_table_10_a688fcb6027e7b81e2bd.table.json","size":1833,"_type":"table-file","nrows":100},"val_recall":0.8472145912459128,"test_precision":0.8517257295052675,"epoch":10,"_step":10,"test_f1":0.8491111199314029,"test_loss":0.6204307678672732,"test_accuracy":0.8527,"_runtime":55,"_timestamp":1.7711475022306361e+09,"_wandb":{"runtime":55},"val_precision":0.8487090080346598,"train_loss":0.6420536438989108,"val_f1":0.8464481256916889,"val_accuracy":0.849,"val_loss":0.6259365326264096}