{"_timestamp":1.7711457756739457e+09,"test_recall":0.9764504345853166,"val_precision":0.9753429447350406,"_runtime":58,"train_loss":0.03425991141798859,"val_loss":0.10081497217852298,"_step":7,"test_precision":0.9765107263863637,"_wandb":{"runtime":58},"val_recall":0.9750739144033744,"confusion_matrix_table":{"_type":"table-file","size":1786,"_latest_artifact_path":"wandb-client-artifact://n61hvqmx4cswka4fe1suj6l49md379oewrkyfbwgn90fnckl89ho6ce6jifv0025smqpewa3epsfolnlhtcr1d5z3fplo1te1p90ux6wzp0rxjukm1lk9padjtqbex38:latest/confusion_matrix_table.table.json","artifact_path":"wandb-client-artifact://p9p8cim4nbped17ab50a4kvozps38973zvq9fhcljtuuim66cq7c203khn2rjss6xgfe7r3f22to8p8as081lh2u73bwzoadyk9w9kwea9vuv8hqufev3480l4njbhc0/confusion_matrix_table.table.json","nrows":100,"ncols":3,"sha256":"ae62e338d3be53f0086bb32b4ccafc86933678e80831beaa0332513375a8bd4b","path":"media/table/confusion_matrix_table_7_ae62e338d3be53f0086b.table.json","log_mode":"IMMUTABLE"},"test_accuracy":0.9766,"val_f1":0.9751715212645765,"test_f1":0.9764330334860911,"epoch":7,"val_accuracy":0.9751666666666666,"test_loss":0.08111640344718903}