{"_wandb":{"runtime":182},"val_accuracy":0.9743333333333334,"test_loss":0.08336379547761255,"val_f1":0.9742136605895497,"_timestamp":1.7711546262368548e+09,"test_precision":0.9744071469248411,"_runtime":182,"test_recall":0.9742985993873718,"confusion_matrix_table":{"path":"media/table/confusion_matrix_table_9_3f4c3898d4461a8f39b3.table.json","ncols":3,"nrows":100,"_latest_artifact_path":"wandb-client-artifact://g97dlo2dmbpvjekdt9ku3uw7ablrbei37e4spjonp125n8v7lqg73l5tnao11u2ldc6da1do9b41d894q2vtx4vfaxykdqg8qd968l0vro34qf75k74zk5qt8rypd4zt:latest/confusion_matrix_table.table.json","artifact_path":"wandb-client-artifact://17ldw3uh4fpj27tvfdn13pye7ns2dercyp9avwihv30g2lks31chiggcr7yb0p3p0srvjnys5lzuoah78vert4v2e3u51g8owzzzd6ynl5jluhe0pd1cvuhsbh4y6ea4/confusion_matrix_table.table.json","log_mode":"IMMUTABLE","sha256":"3f4c3898d4461a8f39b3a4930485723db244ece4b0550884f5387193f8f78eb8","_type":"table-file","size":1789},"epoch":9,"val_loss":0.09489316826503554,"val_recall":0.9744255257305611,"test_f1":0.9742980709398973,"val_precision":0.9741938075279892,"_step":9,"train_loss":0.021543773218065478,"test_accuracy":0.9745}