{"test_f1":0.9601956707706387,"test_accuracy":0.9607,"confusion_matrix_table":{"path":"media/table/confusion_matrix_table_5_e99f614f6dcb30518631.table.json","artifact_path":"wandb-client-artifact://g1d0l93mpfkeduzfvenzu6als2atk9vp39r0y6yhwm2wjtxuzvhfnvvwlujan9w09xn7v9m1zeata7nia4g5lhztwa09u5gim0o076os8jug5bkokiaee9t7wu0uxvxr/confusion_matrix_table.table.json","log_mode":"IMMUTABLE","ncols":3,"_type":"table-file","sha256":"e99f614f6dcb30518631b564c86a58e379049d3e0d23799d93e51f5f921577a6","_latest_artifact_path":"wandb-client-artifact://wqbx9um7fa8y8p6ne10qai2dlz6vuhwztgr4fdfkwcrkjdmo5zzw2uf9gkrkq29972ymx1kdrj48u5dunlvael4rzhcrnb46u4gteoi5piwlpngydz3f04w5sos2o89w:latest/confusion_matrix_table.table.json","size":1795,"nrows":100},"val_precision":0.9574984862180168,"train_loss":0.11766755490323105,"_step":5,"val_loss":0.18603537984916726,"_runtime":63,"test_loss":0.14622664769082266,"_timestamp":1.7711587802360494e+09,"val_accuracy":0.9568333333333333,"_wandb":{"runtime":63},"val_recall":0.9564641857644307,"val_f1":0.9566165106319231,"test_precision":0.9606895212438789,"epoch":5,"test_recall":0.9603733202478821}