{"confusion_matrix_table":{"_type":"table-file","ncols":3,"path":"media/table/confusion_matrix_table_10_703a22733ca21dd4ac82.table.json","nrows":100,"log_mode":"IMMUTABLE","_latest_artifact_path":"wandb-client-artifact://1nnfbthwbbynvo8w8v516hpacsfd249y6gh7ad8b08cbeax6say0o7ebn6sej50z6r9t0pkzqvj6q5rj88swucm5hat2748upsp8tqm8l4lonnlxhh9a4snmfl1s5hlh:latest/confusion_matrix_table.table.json","size":1791,"sha256":"703a22733ca21dd4ac82b9d31e77d1b98952af84afbc21d901b81cdd7f1982a9","artifact_path":"wandb-client-artifact://qqd6ql9kkmo4jiectt4ryb4zqud6gix0la4pyvqhuqij3d1hqasadb35z6dtbtadvzy2s5d1hc1hbj9dwqurulz2r2lqo1w89jit42yowmkwei1hpbsg84pln3jb38f8/confusion_matrix_table.table.json"},"val_loss":0.10486988467959657,"test_accuracy":0.9707,"val_accuracy":0.9718333333333333,"_wandb":{"runtime":43},"_runtime":43,"test_recall":0.9702923973105317,"test_precision":0.9706283565840153,"_step":10,"test_f1":0.970404596190803,"epoch":10,"_timestamp":1.771154689978451e+09,"test_loss":0.09786313399771704,"train_loss":0.059359952700342465,"val_precision":0.971823182300508,"val_f1":0.9717244849917849,"val_recall":0.9716743401590859}