{"_wandb":{"runtime":76},"val_f1":0.8557567829129535,"test_f1":0.8571226078446763,"grad_neuron_1":0.08522346400721295,"test_loss":0.41053058285894156,"confusion_matrix_table":{"nrows":100,"_type":"table-file","size":1812,"ncols":3,"log_mode":"IMMUTABLE","path":"media/table/confusion_matrix_table_260_ca3ee945e91e6ae0750c.table.json","artifact_path":"wandb-client-artifact://8mxbnuf4269pbpbunwcr9zutjkupswbbc8s2jsszcx0pjbf7vclaryd6cb31h5c8wni5nbay7we0x2cvrz8i4x1kosczeh1oq4mphgki4lvkc2wtoib5wzqu0hpze8xn/confusion_matrix_table.table.json","sha256":"ca3ee945e91e6ae0750c3fbe3992616ae19954390f8806175c5f8a95b0890ca9","_latest_artifact_path":"wandb-client-artifact://n5oaj12zs16j9gfdf6kc3hicpscpbcvs6l8xc9ros5w9r3gcdiw24k2sen6ifz0pn8ix8134u8bmukqr4qjei93tkz8zkhvkfy77mrxxrxn2lwba9xm6g2nziegd1bro:latest/confusion_matrix_table.table.json"},"grad_neuron_4":0.06057724609469397,"train_loss":0.3986015759698607,"_timestamp":1.772881232734535e+09,"_step":260,"grad_neuron_2":0.14884006677008077,"grad_neuron_3":0.11504652332518968,"val_loss":0.3997826276064824,"test_recall":0.8583000000000001,"val_accuracy":0.8576666666666667,"val_precision":0.8566369672036498,"test_accuracy":0.8583,"_runtime":76,"iteration":49,"test_precision":0.8582015315702405,"val_recall":0.85649117655403,"epoch":10,"grad_neuron_0":0.0068948770332114976}