{"test_recall":0.9431174338745171,"confusion_matrix_table":{"ncols":3,"nrows":100,"size":1804,"path":"media/table/confusion_matrix_table_10_db0aaf6038a5da8669eb.table.json","log_mode":"IMMUTABLE","_latest_artifact_path":"wandb-client-artifact://9qi438agtwr9yzcsj9vd5of1lupp0txz06wqy9k7kssb0gvrawmsuyw9lcnihiqsq0xd5ka4p23aa89wuilahghniwxgpl76i3ggbmdor7vjl303la5u3ewzffimaoqx:latest/confusion_matrix_table.table.json","_type":"table-file","sha256":"db0aaf6038a5da8669eb39c8f23f2284a6c37d45f4e3d85c948006e8d22061d1","artifact_path":"wandb-client-artifact://wkqd2zk3nj96c5ybbjb914b2gn5ldylzb62go50waq4ayk6e1z0lx8cmes00xf7hj9fb9y510ue8asdzem1zr36c34o8q9lmujncuyhft2ompqgs1rdy70mrgj81f15e/confusion_matrix_table.table.json"},"_wandb":{"runtime":67},"val_f1":0.9439603880615822,"epoch":10,"train_loss":0.18527582155147335,"val_recall":0.9438795609984549,"_timestamp":1.7728363787011478e+09,"test_f1":0.9430474740710425,"test_accuracy":0.9436,"val_precision":0.9443698827318802,"_step":10,"_runtime":67,"test_loss":0.19068534761852188,"val_loss":0.19659681062474238,"val_accuracy":0.9441666666666667,"test_precision":0.9432435401884189}