{"val_loss":0.23249843476783508,"test_accuracy":0.9312,"epoch":10,"test_precision":0.9306628156752824,"val_recall":0.9311575262731072,"train_loss":0.22239358948062096,"val_f1":0.9310761151824163,"val_accuracy":0.9318333333333333,"test_f1":0.9302787952123328,"confusion_matrix_table":{"size":1810,"_type":"table-file","nrows":100,"log_mode":"IMMUTABLE","artifact_path":"wandb-client-artifact://4dhqrywp3vifhtlbpfkwb7x3otuoadpkwend0i4ecpp4jxu9gq3pek8kyfd85xy6nm0gdxwgtmlosixiruvr9924lbl6wn64o0969ew8lbqo7k1p5x27vs31rv2yps9p/confusion_matrix_table.table.json","path":"media/table/confusion_matrix_table_10_63c42c6b6d49241accab.table.json","sha256":"63c42c6b6d49241accab4e7c70c25c2f4a191917404cc9d46aec329f39ec351e","_latest_artifact_path":"wandb-client-artifact://h6guw9yq5makp1x4n94ppbhpuo2pzgksuuiep7kugq4ud8nqy3awpglgw1ml07gg7kn6t04m4eymnerlqs0m8koagh7p4r4bulpg31tfwjjdtsp2wjmlhqxufrh6gq8h:latest/confusion_matrix_table.table.json","ncols":3},"test_loss":0.22667085430686465,"val_precision":0.9313784004778048,"_runtime":84,"_wandb":{"runtime":84},"_step":10,"_timestamp":1.7711440193238387e+09,"test_recall":0.9302262640238471}