{"_step":4,"test_precision":0.9436559880800113,"epoch":4,"test_recall":0.941702410770973,"val_accuracy":0.9478333333333333,"_wandb":{"runtime":52},"_timestamp":1.7711579875754023e+09,"val_recall":0.9473706439870624,"train_loss":0.18527678724919855,"val_f1":0.9476522065157367,"_runtime":52,"val_precision":0.9486311127188938,"confusion_matrix_table":{"_type":"table-file","artifact_path":"wandb-client-artifact://qj2d2yk08mng0vstc9ep604fqdh4c2yx6537l3rnmugf8z67v116rx2k8gldnv1uebt521d1bt6gun0ulonzjjwhlaa5xrbfaa0lpdbnncqc13wq8b3yf0ipohjr5tk4/confusion_matrix_table.table.json","sha256":"133a8d2941ae94a283de2f693718fc5ced802717defdc025d39d8b02b33a559c","size":1801,"path":"media/table/confusion_matrix_table_4_133a8d2941ae94a283de.table.json","log_mode":"IMMUTABLE","_latest_artifact_path":"wandb-client-artifact://ida6kga7uhkcei20m3wrxs3z2k0h0ygcan76z8ddfsuyyrdctkccq04757yfpii7wevk08dpl0ykw566u4fepb7xwqvcf09i0yqcht5qg4f6h4si5o2sb4zihjao3x89:latest/confusion_matrix_table.table.json","ncols":3,"nrows":100},"val_loss":0.19012512675903306,"test_accuracy":0.9422,"test_f1":0.9418934391479563,"test_loss":0.19048854495672132}