{"train_loss":0.49229035672485605,"val_loss":0.47780682146972775,"_step":10,"test_accuracy":0.8733,"test_loss":0.4760633955426735,"_wandb":{"runtime":36},"val_precision":0.8684947045160634,"test_recall":0.8710989028904497,"val_f1":0.8670112317042216,"epoch":10,"val_accuracy":0.8683333333333333,"_timestamp":1.7711462004040313e+09,"test_f1":0.8712700281910483,"val_recall":0.8671376440254702,"test_precision":0.8726619520655584,"_runtime":36,"confusion_matrix_table":{"ncols":3,"log_mode":"IMMUTABLE","path":"media/table/confusion_matrix_table_10_38affee55b8c35dcc738.table.json","size":1830,"sha256":"38affee55b8c35dcc7384662a4f19d48aec9fe936d5cdd832d897f579b02e2ec","_latest_artifact_path":"wandb-client-artifact://osna03zdow6ut0bzuuqh9cprtqiednuqzurczop31auv4z3n6bnhz8y5jcrdges4ms4phyrnbrm0jyik07ha33qn124ttbstliwt1kqewp0g9htu5i5vlxtf5y17zmqt:latest/confusion_matrix_table.table.json","_type":"table-file","nrows":100,"artifact_path":"wandb-client-artifact://2oj202h7hw5vvitwu51in0jzx8r37fy2m32za4jx77j8b0z3i88zjjmvqux0oeik5nsxurdur542oj2h6bfxg80qxrlouwcjgjmij5h2dcfb0s6lffx4844k5lasiif6/confusion_matrix_table.table.json"}}