{"val_accuracy":0.9573333333333334,"_step":7,"train_loss":0.11210420051423799,"test_recall":0.9578647068278361,"_wandb":{"runtime":34},"epoch":7,"val_loss":0.16738895111749194,"_runtime":34,"confusion_matrix_table":{"path":"media/table/confusion_matrix_table_7_5e026d77b1e93f033737.table.json","_type":"table-file","ncols":3,"log_mode":"IMMUTABLE","_latest_artifact_path":"wandb-client-artifact://zu0jx4yuhli0fradjfl36jzsjolublm98ntc5vl71l7ypllqo65v08slwxn24k0apgvz5ch6se5zo4oly7w1ejks5i3bc2qu46xuhhmsb84yv7a9e86kv4eqs64wdq8p:latest/confusion_matrix_table.table.json","nrows":100,"size":1794,"artifact_path":"wandb-client-artifact://atfdxmjd8ixqyk0dt5qzrmy8t6k6we6h899xq1ogwz4kvfy1zr08jqsx5dwhtl827fu5z63bwvdij2yduvxu5buzkuzlv6mn0adzyq8usgdaml3s5i940nc9ilu6hihd/confusion_matrix_table.table.json","sha256":"5e026d77b1e93f03373753774a79ef23ae923d680c260b2438305f031cb5f5ee"},"test_accuracy":0.9582,"val_recall":0.9577155910283148,"_timestamp":1.7711542268083723e+09,"val_f1":0.9575005475782106,"test_loss":0.1494854152700847,"val_precision":0.9575035186014549,"test_f1":0.957951910704586,"test_precision":0.9582830748826835}