{"_step":8,"val_loss":0.09285822255550259,"test_loss":0.0820359552655195,"_timestamp":1.7711551429108996e+09,"val_accuracy":0.9753333333333334,"train_loss":0.027135456315006523,"val_precision":0.9755980795486254,"val_f1":0.975299804957781,"test_precision":0.9763870806678607,"val_recall":0.9752804711313707,"_runtime":114,"test_f1":0.976278654512841,"_wandb":{"runtime":114},"test_recall":0.9762051362153954,"epoch":8,"confusion_matrix_table":{"nrows":100,"log_mode":"IMMUTABLE","ncols":3,"path":"media/table/confusion_matrix_table_8_69cc6be2114ba0444ea5.table.json","_type":"table-file","size":1788,"_latest_artifact_path":"wandb-client-artifact://a9458ng72om22yism6zrdb3b6gl2frv8ns4asrmm7pkc9iie9teonoawm14vjm14v3mk6huwtv64lejw3yqll8g8qxshco2rnsxd47x823ndcqi7831twrk1bh6ppyq0:latest/confusion_matrix_table.table.json","artifact_path":"wandb-client-artifact://4dm71chdz2q19op6lap40rvdajlqjxgxixxc7aopwkwyvlh22otz4m3x1di9r6as53iv5u4lo0ywcrtl7whacz7354015y30xiij0vqyd10lga988km1s4972wj46l6a/confusion_matrix_table.table.json","sha256":"69cc6be2114ba0444ea59ee23d1c6851b4fda635234c55b0643b93f5771a8beb"},"test_accuracy":0.9765}