{"val_accuracy":0.9763333333333334,"confusion_matrix_table":{"_type":"table-file","sha256":"5cfe0e1f549cdce7b28f27778f2e019c0c449d2102bdef5905ee832e26db81d6","artifact_path":"wandb-client-artifact://i7fezir2k0h3k2ccdaysrqg0m129az88dldbv4rka1adjt4vfxyo3yzut4gbkrfv0vhd4b0jr11fzpxyjlqejayh8owtp64zf7t9bgkgg97onxal0hlv2gcfupxaiqcg/confusion_matrix_table.table.json","ncols":3,"nrows":100,"_latest_artifact_path":"wandb-client-artifact://7dpc3nm0nfdivstctonfy0bws5ijg2vo9g4ohj4cpsysc8fap2gssyf37lakrc6v42cu6m5i5oj2ywr6z7la0gv50c8bocjqmvcmvv39dty9ce6lw0g17g65nj77et17:latest/confusion_matrix_table.table.json","log_mode":"IMMUTABLE","path":"media/table/confusion_matrix_table_10_5cfe0e1f549cdce7b28f.table.json","size":1787},"test_f1":0.9764524123546618,"val_f1":0.9762775040917926,"val_precision":0.9762974994524063,"epoch":10,"test_recall":0.9764104970200798,"_wandb":{"runtime":46},"val_loss":0.08468663034729082,"test_precision":0.9765646385957323,"_timestamp":1.771144303736209e+09,"_step":10,"val_recall":0.9762721616504273,"_runtime":46,"train_loss":0.03611363507110995,"test_loss":0.07986005070544025,"test_accuracy":0.9766}