{"confusion_matrix_table":{"artifact_path":"wandb-client-artifact://kknaa10v2i0o9evuetd3qrup2jv5ktw7bzvf66109mhakza1linbd9cilljo158lp8havxi2lyvj58b0lkpy3hnxyqkjorx6atee5sqg6rmu573cid0ddvv3mo59o4a4/confusion_matrix_table.table.json","size":1798,"_latest_artifact_path":"wandb-client-artifact://zjg91c687eisfurctymaemovgixujr4ulrisqi1g0qiivxvufk2uuz1jaw6p01fyr3mu1cvrluxp81ih6bw1xnksdyo56thcrobwy7d14c5ej5vyvhnettpq6wahmglm:latest/confusion_matrix_table.table.json","path":"media/table/confusion_matrix_table_4_5a17d6c41140fe404e48.table.json","ncols":3,"nrows":100,"sha256":"5a17d6c41140fe404e48c733d249c9ece78a7dafe0d3fa2a1aebc8019fba33b7","log_mode":"IMMUTABLE","_type":"table-file"},"_step":4,"train_loss":0.17318304984424748,"test_f1":0.9429984638373952,"epoch":4,"test_accuracy":0.9436,"_timestamp":1.771143843843531e+09,"test_precision":0.9440938280311573,"val_accuracy":0.945,"_wandb":{"runtime":62},"_runtime":62,"val_recall":0.9444114330084977,"val_f1":0.9444521991002762,"test_recall":0.9426123185151984,"test_loss":0.18464639956395423,"val_precision":0.9455146541657256,"val_loss":0.20632893723325457}