{"val_loss":0.1977570568794378,"test_recall":0.9443221842577364,"_wandb":{"runtime":25},"train_loss":0.1858725506383034,"_runtime":25,"val_precision":0.9437583748184094,"test_loss":0.19213878942010698,"_step":10,"test_f1":0.94449142976499,"test_precision":0.944853811184305,"val_accuracy":0.9435,"test_accuracy":0.945,"val_f1":0.9431858707523879,"epoch":10,"val_recall":0.9428953298820757,"_timestamp":1.7711443775095744e+09,"confusion_matrix_table":{"_type":"table-file","artifact_path":"wandb-client-artifact://ruhb5reywv94m9dftwcy6p7f1k1rry7qdyyq47kybvfg1awbz3ztl8mv17xavxk02ngn6mtox1u0lui85bkxdenfizrju4tubrtrysk23miaulgm3eheozwly4sdg6lz/confusion_matrix_table.table.json","nrows":100,"log_mode":"IMMUTABLE","path":"media/table/confusion_matrix_table_10_c08004650c8a23bce150.table.json","ncols":3,"sha256":"c08004650c8a23bce15053fdc65c4c8d3fcc3d7671ebb3824abaa0479da9adf7","size":1802,"_latest_artifact_path":"wandb-client-artifact://ozifaxni3s2xgibagk519dz344iihxxv9zjfkn6okr3w1nmm2zymf3w3v34kgtqrzzd23iu4howpj2cu8jupaej8ky8xc762btg3dw7j8qz04vbw0nzl548ncagdzolj:latest/confusion_matrix_table.table.json"}}