{"val_recall":0.9495779176993713,"test_accuracy":0.9482,"val_precision":0.9497225045899,"test_f1":0.9476524348544192,"_step":8,"_wandb":{"runtime":76},"train_loss":0.1708121527494824,"test_precision":0.9482619271911623,"val_accuracy":0.9493333333333334,"confusion_matrix_table":{"_latest_artifact_path":"wandb-client-artifact://vw5fd6mof3v1e55ib71a1w221nb9wawl5eszynbm0o1f51jv4vj44c32wmet9gekbgwmpy6dt8knxr8fof2mdmealwktrekyly8pxp6qa6pe2qp1oobr86cvvw65w2qx:latest/confusion_matrix_table.table.json","nrows":100,"ncols":3,"sha256":"61d863d8247940d74bc62ad853469a7d0519dc5d892fdedf19f74a64b7c083b9","artifact_path":"wandb-client-artifact://2s5drwhj473czx7u1f6z0zcedq0k71isavtzw8e9nfwzuvv1clo5rt3j8z1eh8020eabjpev2u0olp7ttnaso1wwqjeyvr5xifqpj1ace49rqa0eutxf76h04rgngiqg/confusion_matrix_table.table.json","path":"media/table/confusion_matrix_table_8_61d863d8247940d74bc6.table.json","size":1801,"_type":"table-file","log_mode":"IMMUTABLE"},"epoch":8,"_timestamp":1.771144113641439e+09,"val_f1":0.9493128217207563,"test_loss":0.1800628820967619,"test_recall":0.9474936111075992,"_runtime":76,"val_loss":0.19183405601309766}