{"test_precision":0.9596583522291716,"_runtime":61,"confusion_matrix_table":{"sha256":"c3fa5c5c85cf7a6ada25475cd07e8a61acde238d2568a662ebbe2148db20764e","size":1797,"ncols":3,"_latest_artifact_path":"wandb-client-artifact://sdmz3rgsh9a9l72e3l5heitkervsorcwx2q369ej8l6qyipqj2qa851at0039gfc4368cxnosv1heqwfi38dtolw2uzngb73hqhq1a8u4x8h1dhg30t4bq3yq4n4g04m:latest/confusion_matrix_table.table.json","path":"media/table/confusion_matrix_table_4_c3fa5c5c85cf7a6ada25.table.json","log_mode":"IMMUTABLE","nrows":100,"_type":"table-file","artifact_path":"wandb-client-artifact://dvj0ggx379avll2ib0vdckm74jezbyfhdk74ryuqpxvpxspt6ce93dmyt4wfpezibg8lshtziumf9pzgr654qjnfvfstssvaitl1psde7ujgbzr77ua5x7u0wykbqcwx/confusion_matrix_table.table.json"},"test_f1":0.9595328369371326,"test_accuracy":0.9601,"_step":4,"_timestamp":1.7711480644906604e+09,"val_accuracy":0.9631666666666666,"train_loss":0.11121349665984288,"epoch":4,"_wandb":{"runtime":61},"val_precision":0.9635519576473408,"val_f1":0.9630805875677272,"val_loss":0.15528819432863092,"test_loss":0.1411715679741962,"test_recall":0.9596787106792621,"val_recall":0.9629615768110611}