{"_runtime":56,"test_precision":0.9740898265584242,"confusion_matrix_table":{"nrows":100,"artifact_path":"wandb-client-artifact://9txmo583ui1hy50uzkdxkzy03d3z2o6u2m8vq5z4dhsa1m099k8ldt1yp3qdn8w5i78k3goliowltxacpbwocn3wmiescs9m71pjzfxfk7pg2854wr67na1ke97po1a2/confusion_matrix_table.table.json","_latest_artifact_path":"wandb-client-artifact://02zvk4lvdypb6espwyj3osbzlajx1abrqm56uye06wjc4q3d18t99z0x2cjmridjx74rasqh8eg4e5yc19pcr689smrrq3g0we0zuhxv16j7v62if3l1gewc6jo1lwu7:latest/confusion_matrix_table.table.json","size":1788,"path":"media/table/confusion_matrix_table_7_2250b7c3befdff911929.table.json","ncols":3,"log_mode":"IMMUTABLE","_type":"table-file","sha256":"2250b7c3befdff911929074611dc1af1c584d8e850a2efa21d0f482331321535"},"_step":7,"val_loss":0.12005023993458426,"test_recall":0.9738236826974994,"test_accuracy":0.9741,"_timestamp":1.7728322878662322e+09,"val_accuracy":0.9745,"train_loss":0.032688867126559065,"epoch":7,"test_loss":0.08315370397648489,"val_f1":0.9746437752714364,"val_recall":0.9744005510755012,"val_precision":0.9750497719354451,"_wandb":{"runtime":56},"test_f1":0.9739118035711334}