{"test_accuracy":0.4562,"val_f1":0.30615979619854333,"val_precision":0.39385041317454605,"val_recall":0.37901896746829483,"train_loss":1.5421242002144966,"test_precision":0.44519030652785413,"test_recall":0.4397252693714904,"test_loss":1.4585509090445463,"val_loss":1.5213754382271352,"test_f1":0.3835059636805921,"_runtime":41,"_step":5,"_timestamp":1.7728390051126382e+09,"_wandb":{"runtime":41},"val_accuracy":0.3925,"epoch":5,"confusion_matrix_table":{"_type":"table-file","size":1795,"log_mode":"IMMUTABLE","nrows":100,"_latest_artifact_path":"wandb-client-artifact://0zatwr34s836j77bjsei835it58u0fxsfvs67rwun8m55xe232lzs6dkf1mxx718xpycsa0h6yeg0ftzeyg61cifkhd2jhoqm4agkiuu4ezpoz92w3mz5mcbedmi2dpv:latest/confusion_matrix_table.table.json","path":"media/table/confusion_matrix_table_5_a777685a321e873698f4.table.json","ncols":3,"artifact_path":"wandb-client-artifact://6ujwtunigoljtz4gg1vy2g1d12t4khzj0xg4vvn7ksc6xxfbfsy7h4ptjvpve2firg4pzjbw3lb8yj8lbrwzt6mw9bh6utma32uhn07axjk2wyxi94zaabegthbwcqxw/confusion_matrix_table.table.json","sha256":"a777685a321e873698f45fb50bb5b1f5d71d73f10a34dd37cb03f9a503701cb2"}}