{"test_precision":0.9447850021158677,"val_f1":0.9460048145406906,"epoch":10,"val_loss":0.18920631029464763,"val_recall":0.9461174872133762,"test_loss":0.18613478470790848,"_wandb":{"runtime":51},"_runtime":51,"val_precision":0.9462390968657933,"test_accuracy":0.9453,"test_f1":0.9446956904874522,"confusion_matrix_table":{"size":1803,"artifact_path":"wandb-client-artifact://7z5y7h8yv3daoixo4mkqqcln7mi7tij2a4o9ntxjvxc6e6uzl3qwiw67efogfmpl9bcsx6hkxke1ilg5euh7svm94cotermvp8j8ut6mssig5n54g8h2xb5zjgqxmqme/confusion_matrix_table.table.json","log_mode":"IMMUTABLE","_latest_artifact_path":"wandb-client-artifact://apxa35g9xv79csr3dhaz05x41101tu7h4k9p7fr9uughvv8c0crjc84r3r3r64xt4zcfvqoka8dzg64ibf3sgqu0ftm8mckvetmealru8kai8vmec9q22azhx83w7btj:latest/confusion_matrix_table.table.json","path":"media/table/confusion_matrix_table_10_f8283e357d783764fdbf.table.json","sha256":"f8283e357d783764fdbf72999e800d93dff525dc86c210b5ce2cc825f7b5bbca","nrows":100,"_type":"table-file","ncols":3},"_step":10,"val_accuracy":0.9463333333333334,"_timestamp":1.7728365822481682e+09,"test_recall":0.944759003621656,"train_loss":0.179869217839928}