{"val_loss":0.0956684973027113,"test_loss":0.07704792158519015,"val_f1":0.9757952990239509,"test_recall":0.9780858488732795,"confusion_matrix_table":{"artifact_path":"wandb-client-artifact://umo93mgiuvn1ukzwkzukmjts5ke1b7g4lf39ajiwhrpccpdla0txop37y8ry4m1kmcsag55nyebvd70v9pcdl6eqx7e4aj6oqh737sfz61atvsf1zhnk6m4umxsqb129/confusion_matrix_table.table.json","_type":"table-file","path":"media/table/confusion_matrix_table_10_da7525cc5484b1c0cf15.table.json","_latest_artifact_path":"wandb-client-artifact://2j2r5lhdgs2vlx4lqkozsot0b31ud1jqvv88t7nbbup2vymjxwnnzxktukq970gs34ifwb8ac8iktfdqmjw85vrdw01nvm4x5mky08f4vmsbxmpnjaw0czpl8tccncws:latest/confusion_matrix_table.table.json","sha256":"da7525cc5484b1c0cf15fa3b7d15eff1221b78fe128cc70e5de794e06e86659a","log_mode":"IMMUTABLE","nrows":100,"size":1790,"ncols":3},"_wandb":{"runtime":88},"val_recall":0.975826493149276,"val_precision":0.9758546116056097,"_runtime":88,"test_precision":0.9780524044092773,"train_loss":0.02276319265429597,"test_accuracy":0.9782,"epoch":10,"val_accuracy":0.9758333333333333,"_timestamp":1.7711576906154573e+09,"_step":10,"test_f1":0.9780230123398972}