{"epoch":10,"confusion_matrix_table":{"ncols":3,"sha256":"f4a3b89d89a02292c0062a57505d00a6bf399fa7a3e7c5c990fb7882a92d3a8d","size":1790,"nrows":100,"log_mode":"IMMUTABLE","artifact_path":"wandb-client-artifact://t7nf5kz6qhtt2mfp5d1iuctr1l7x53g1qsrrvoltsvncit48zhva33tain6snrh04xdkq3l0zf1w2hjqahifuqpun4q06rxwmrhaqv5ay687lxdurf35k1trswgh7iu6/confusion_matrix_table.table.json","_type":"table-file","_latest_artifact_path":"wandb-client-artifact://l4usw31ktss0lrmikvsfgm6dm07xng8ihha290ewlo1u0ik9ovq4212clpjlior7rz2v6lx6v75hrm1q4hkui1f2scs0x4ipou13ctfy1hzry93gt5gg6opp3tsesgx6:latest/confusion_matrix_table.table.json","path":"media/table/confusion_matrix_table_10_f4a3b89d89a02292c006.table.json"},"val_precision":0.9757278959080569,"_timestamp":1.7711476026690223e+09,"train_loss":0.01564425430483381,"val_accuracy":0.9756666666666667,"_step":10,"test_f1":0.9756710717253494,"test_accuracy":0.9759,"val_recall":0.9756942247483458,"test_loss":0.08504792764139252,"val_loss":0.10103390607955795,"test_precision":0.9757597922348527,"val_f1":0.9756632453782025,"_wandb":{"runtime":80},"_runtime":80,"test_recall":0.9756872873100239}