{"grad_neuron_4":0.11726485591041187,"test_recall":0.881,"test_precision":0.8825710563525732,"val_recall":0.880566211620223,"val_loss":0.36439383659409363,"test_f1":0.8811945904900307,"epoch":8,"test_loss":0.338281322189761,"val_accuracy":0.8813333333333333,"_wandb":{"runtime":96},"_step":258,"test_accuracy":0.881,"train_loss":0.27770322281665816,"_timestamp":1.772880625747612e+09,"grad_neuron_0":0.09843293467245175,"grad_neuron_2":0.04460157227453074,"grad_neuron_1":0.09685128688109608,"_runtime":96,"iteration":49,"val_precision":0.8840589172934832,"val_f1":0.8795830552626402,"confusion_matrix_table":{"log_mode":"IMMUTABLE","artifact_path":"wandb-client-artifact://zgoqis6x2l967p258oh1ad7r7iu552tsz8v8wvf465eiyf0vbuetbz9y2shwu2jwz7ukp8wk1ug5owuffy7vixwsuwrvo5suvfkr18esugagcrdrjdtna4ufb566e4qe/confusion_matrix_table.table.json","sha256":"0c24469fc8c33bf83347336f0a8e6d461966ad16bcddaa8e98ec12e222c2e9ee","ncols":3,"_type":"table-file","nrows":100,"_latest_artifact_path":"wandb-client-artifact://a97kwthubuirxpnur1wi6h2x578x020l0oqx8jywuud5yyqpu4vrzrzp7kuiqxxfxei62t1jtk2g3hv366jmqnp7vfkqr6enkx6xbejmn9p5z5leqnk9l0u8005gpucx:latest/confusion_matrix_table.table.json","path":"media/table/confusion_matrix_table_258_0c24469fc8c33bf83347.table.json","size":1810},"grad_neuron_3":0.09973834326451562}