{"_runtime":84,"val_precision":0.8125696673610244,"test_f1":0.8258523220248257,"test_recall":0.8276611672103877,"test_precision":0.834857126152923,"train_loss":2.4883155554311727,"val_loss":2.5196608446149455,"_wandb":{"runtime":84},"val_accuracy":0.7453333333333333,"test_accuracy":0.8287,"confusion_matrix_table":{"log_mode":"IMMUTABLE","_type":"table-file","artifact_path":"wandb-client-artifact://vua955mknp536nkkwqpij9s84smwtqtrj6t079f1fuvlyr79u86bcj48dxu5aex9wsa69lj0nzhz6eojwequjqf6qp5pd9tx1t72pt4qy1majljkrw6hrw66z7vcdhap/confusion_matrix_table.table.json","nrows":100,"sha256":"3b1c37897394338a0c703a2e66b1b8a393c0167a8c18cb744f2286fd645ee74c","ncols":3,"size":1828,"_latest_artifact_path":"wandb-client-artifact://ci9v7ddlmose75e3spwfpjsuvmdv37odltgn3gaw1kf6o0d9h4jcy7dcrdgkfmlztg4pst15qkg2madn30rgmhcywm6hn7j6wen4g3fkjxwv86966ar19b4nj09lg6nl:latest/confusion_matrix_table.table.json","path":"media/table/confusion_matrix_table_10_3b1c37897394338a0c70.table.json"},"_timestamp":1.7728391309439206e+09,"_step":10,"val_recall":0.7422503395452887,"epoch":10,"test_loss":1.7331457979030347,"val_f1":0.7151293199992582}