{"test_loss":0.1698287841687081,"confusion_matrix_table":{"sha256":"298c073268b6a2463a901b2672d4c4a21372e5e8f64e250773bad21e4b29f486","path":"media/table/confusion_matrix_table_3_298c073268b6a2463a90.table.json","_type":"table-file","ncols":3,"artifact_path":"wandb-client-artifact://u38gbjspfbsmzb8dv1x5xabfe358e4ijxm9mq9c6clmj8kjtcjznk8e18glhft0i5ncrumqqkokhpjkgz6yxs7pn0p7jhk8ay05x9xp50offx6bztkfgb1mnxupidhhp/confusion_matrix_table.table.json","size":1799,"log_mode":"IMMUTABLE","_latest_artifact_path":"wandb-client-artifact://r3qd6utcaitu60yzvviggwtmkzzcly9r5wljnxh2siqkrsr79ku3ymj50oq0ura3xli8iy5vlodujgo10rboanxepcnytfk6v80yhqijy9qtsrfllk37g21e88oranrf:latest/confusion_matrix_table.table.json","nrows":100},"val_f1":0.9442669959591041,"train_loss":0.1925202245212216,"_timestamp":1.7711441422402282e+09,"test_f1":0.9515760158709936,"val_precision":0.946171055580316,"val_loss":0.2619131958245168,"test_accuracy":0.952,"val_recall":0.9437939269756926,"test_recall":0.9516186300282315,"val_accuracy":0.9443333333333334,"_runtime":13,"_step":3,"epoch":3,"test_precision":0.9518931175475915,"_wandb":{"runtime":13}}