{"_step":8,"epoch":8,"train_loss":0.026861126481692525,"val_recall":0.9759286695793576,"val_accuracy":0.9758333333333333,"_runtime":390,"test_recall":0.9772318577970449,"confusion_matrix_table":{"sha256":"5857a9bf4fc3482c1a57df59219b0c4269ae7bbc1dfb325975ea22bbf5c11ae7","_type":"table-file","log_mode":"IMMUTABLE","path":"media/table/confusion_matrix_table_8_5857a9bf4fc3482c1a57.table.json","_latest_artifact_path":"wandb-client-artifact://2j2tzvbl5zn7t8w1fildv001wlk3hi2c0stlhx01y10try19aj6l5jfwqhixsdax79bseeukdmi8l5aj7v6nncdg1mgqyvpuzfjmr3w0s9tjc6czz82y2tnv731ylmxf:latest/confusion_matrix_table.table.json","nrows":100,"size":1791,"ncols":3,"artifact_path":"wandb-client-artifact://kzsi4ag309m2op74gkz3jar90t04rh03q68qg1dkma95q591y54denz5keeci5zytnfodjqbui1akafu6y3ypd3zp382a27xv1njda4nonuwmzjdfyb3f7dn9kl1v635/confusion_matrix_table.table.json"},"val_loss":0.1128070454399917,"test_precision":0.9772902695410313,"test_loss":0.08055831473827625,"test_f1":0.9771996730547864,"val_f1":0.975750705621915,"test_accuracy":0.9774,"_wandb":{"runtime":390},"val_precision":0.9756900460629904,"_timestamp":1.7711467398192153e+09}