{"test_precision":0.8695198324630633,"train_loss":0.5244031609666612,"_timestamp":1.7711443331464827e+09,"val_recall":0.8676230404787582,"val_loss":0.5128229363548797,"val_f1":0.8670384931606627,"_step":10,"_wandb":{"runtime":15},"val_precision":0.8678368317688829,"val_accuracy":0.8685,"epoch":10,"_runtime":15,"test_loss":0.5096471772995276,"test_accuracy":0.8708,"confusion_matrix_table":{"sha256":"3d2fa8fb282d1ea2e4d1f6dcf5116db44f3fea56a2d41aa7b1fb505e7678413b","log_mode":"IMMUTABLE","_latest_artifact_path":"wandb-client-artifact://2luizv1tbj5n3qxnbyjo7wociefkucjv0l21ajyoebpuj09wgmtuz7l56n25m0w0lcph97kcanmajhxuuif0wzp1i6k6l6kyvexoz65rkgp9m9vo22ijt4vwz7jewgm7:latest/confusion_matrix_table.table.json","size":1827,"ncols":3,"_type":"table-file","nrows":100,"artifact_path":"wandb-client-artifact://3dwrvxagv1a9ufkk3kb5l556y5pr1krwjgt13j70mcc3jqsfhzkt35pfxdwhpa95gp00josxpzpax8x96c8ke7lrisskgkqcfzmebp9hevccrvog427wqtbz5m0s0uso/confusion_matrix_table.table.json","path":"media/table/confusion_matrix_table_10_3d2fa8fb282d1ea2e4d1.table.json"},"test_f1":0.8684559358764947,"test_recall":0.8685773163958477}