{"test_precision":0.9733625187452498,"_runtime":73,"confusion_matrix_table":{"ncols":3,"_type":"table-file","size":1788,"artifact_path":"wandb-client-artifact://vgskdsbjkvzx52140mel18owstcv2yp6jf31ay3fqdbnnitmo8ovt3i6nuzyi4qxgl733ks8zsto7pcfdvnw5yi4dznzdruckkwjdrk199n0jkajgiy1yd6v3vzxe0k8/confusion_matrix_table.table.json","_latest_artifact_path":"wandb-client-artifact://ss9bn829o3oqp5h0xlha8yxs7xf66php5g28bjcyabqulcev97byrlojzr40kxrteb19x9kygqcrynhn653h5rxrke0w9o54meuyiex78gm69xlj4q99on5yo7liul4b:latest/confusion_matrix_table.table.json","nrows":100,"sha256":"eef3643beae90e095c4115de48ec670f7c3e55f860b6a37f5ecc1487552b2862","path":"media/table/confusion_matrix_table_9_eef3643beae90e095c41.table.json","log_mode":"IMMUTABLE"},"test_f1":0.9733222574421188,"val_precision":0.9759091889924267,"test_recall":0.9733903943270803,"test_accuracy":0.9735,"test_loss":0.0819624209912006,"_step":9,"val_accuracy":0.9755,"val_recall":0.9753039034410224,"train_loss":0.019730870635399793,"val_loss":0.09101970509226272,"_timestamp":1.7711445018302152e+09,"_wandb":{"runtime":73},"epoch":9,"val_f1":0.9755120491743406}