{"train_loss":0.026413273838195465,"test_recall":0.9769850927473309,"test_loss":0.081721944098465,"test_accuracy":0.9772,"_runtime":64,"val_loss":0.09436682278880729,"val_f1":0.9729278230562249,"_step":9,"confusion_matrix_table":{"artifact_path":"wandb-client-artifact://trd0u7fullbabuwqz9wbtt7tcgamc1cu3w18ixden5t44w77ie44so8999jnkcr9ubk8fnu5ndgda3s7rb5ww15kqneaodlak0d1eiagv5uc5hb2f4hnmeydmdrb032v/confusion_matrix_table.table.json","ncols":3,"size":1787,"path":"media/table/confusion_matrix_table_9_f7e28bc3f43578360b82.table.json","log_mode":"IMMUTABLE","nrows":100,"_type":"table-file","sha256":"f7e28bc3f43578360b82e32b8a522b8ad11a551fd003479e61eaeeca85a20e16","_latest_artifact_path":"wandb-client-artifact://vr6d924hkk7l3du8qzp3ll021ny57su6met50ds9n0wwew7cr10ch5q5uv2am0pbuc8pkeme8p79caov01ihuow0q0spon8erpp6ubxvxww9z1xe4u59g6fz74rcvail:latest/confusion_matrix_table.table.json"},"epoch":9,"_timestamp":1.771145167603095e+09,"_wandb":{"runtime":64},"test_f1":0.977017592400618,"test_precision":0.9770693485233279,"val_accuracy":0.973,"val_precision":0.9731592038187775,"val_recall":0.9727829372361025}