{"val_loss":0.09428007432945515,"val_accuracy":0.9713333333333334,"val_precision":0.9713503756769988,"test_accuracy":0.9744,"val_f1":0.9713521526995598,"test_recall":0.974134535831767,"test_f1":0.9741553389767773,"val_recall":0.9717300575934221,"_step":6,"_runtime":82,"test_loss":0.08739714704523645,"train_loss":0.043493955124800254,"epoch":6,"_wandb":{"runtime":82},"test_precision":0.9742274006118633,"_timestamp":1.771157567663121e+09,"confusion_matrix_table":{"artifact_path":"wandb-client-artifact://6fp44rbil2xm24kgujm6e7udgxipswisfus98mosh4r5gp5kqjmhlan9fbwzukg34c1qakiu5g4a1cy0g642zffjzj6f4mqfnwas6aagmkq9a9rm0tq7ncv9xhpecn19/confusion_matrix_table.table.json","nrows":100,"_latest_artifact_path":"wandb-client-artifact://6hfbkc6euu6byj80e9q08yiqs2p3lb9kdw9tlbwi7awp6av1nwbme8m7xhukim2d6n22gbe97bedcuce1viule0w2hydwt1muq0f5lp3p6j44app3u98a24158m5r2nb:latest/confusion_matrix_table.table.json","ncols":3,"log_mode":"IMMUTABLE","sha256":"b9b131c98f96343bc39ada0689d2504914513577cccbe3bc7b8003238cdecc01","path":"media/table/confusion_matrix_table_6_b9b131c98f96343bc39a.table.json","size":1790,"_type":"table-file"}}