{"_timestamp":1.771158171284169e+09,"_runtime":77,"test_accuracy":0.8485,"train_loss":0.6672235118238397,"val_recall":0.8438657356458453,"val_precision":0.8461153834530301,"_wandb":{"runtime":77},"test_precision":0.8483333495573652,"val_accuracy":0.846,"test_f1":0.8439722899593571,"confusion_matrix_table":{"_latest_artifact_path":"wandb-client-artifact://sk2qoylrdnov13px1f27vix9a3imgu2mdxpgpbuv9e5d8hd17oum72pgujvsrelj368d9z53qipdmpkmavbihhfeyp4v7dqc0mwjeqn3g6o3w5qe3uropllo7e6ekdkc:latest/confusion_matrix_table.table.json","sha256":"d70b73186a7bd0c94a7ea240de1dbeec107ba9cf059a5c61b90a1af3400739c1","size":1833,"artifact_path":"wandb-client-artifact://q7r9cc8ttsw06j57aztmodo5pqdv5n6ub5dcowopno6po33v8c8em0hoj4gch6aybacecbbbyw93gr45i4tg92im8unzco4s6g7xj8xxc16yx5zthmp7z5t8wgfpzms7/confusion_matrix_table.table.json","path":"media/table/confusion_matrix_table_10_d70b73186a7bd0c94a7e.table.json","ncols":3,"_type":"table-file","log_mode":"IMMUTABLE","nrows":100},"test_recall":0.8447509936339698,"val_loss":0.6484187916407023,"epoch":10,"_step":10,"val_f1":0.8424521760888583,"test_loss":0.6450693980599582}