{"test_loss":0.15596658332461172,"_wandb":{"runtime":21},"confusion_matrix_table":{"nrows":100,"ncols":3,"size":1797,"artifact_path":"wandb-client-artifact://w2743w1wpi6wlycfjixuhoccli2sgya225445kftqx4aeofk2hqzkl6xfd33c0wp3h1jesp60eu9yesof642qd4ncqhtmhlcr7kc3x43yd902iuvtq9yw1qcapqn7zx1/confusion_matrix_table.table.json","_latest_artifact_path":"wandb-client-artifact://ggqaum76bcaywmys0qk09b3x67a2s7ebejzp7q5bnc1065uxskiyi1vfhppjv0qp2air42zvfppohq7qh3hwxeny77bg5n47cbz9p76nubyts3vmbfeqee8pojf55l0v:latest/confusion_matrix_table.table.json","_type":"table-file","log_mode":"IMMUTABLE","path":"media/table/confusion_matrix_table_4_01100a4b8a26a0782d8b.table.json","sha256":"01100a4b8a26a0782d8b43eb77892df566150cc4875eb283bfbb226d5c5427b0"},"test_f1":0.9518746003540329,"epoch":4,"val_precision":0.9537992084587371,"_timestamp":1.7711452078452463e+09,"test_recall":0.9516079167439976,"val_accuracy":0.954,"val_recall":0.9541294797627267,"test_precision":0.9526076851596776,"_runtime":21,"train_loss":0.13116954625421198,"_step":4,"test_accuracy":0.9522,"val_f1":0.9537265350673788,"val_loss":0.16826947096343367}