{"val_accuracy":0.9315,"_step":10,"val_f1":0.9310748884239108,"_timestamp":1.771154879930016e+09,"confusion_matrix_table":{"ncols":3,"artifact_path":"wandb-client-artifact://kox2je41fs6s29zw119iuy5lkdcyzejuf56yayseqx3y1d6hvylt2v4njsj0lorc6d0zxxr86ib0ccpr2tcd5tm0z34secazr3cggdcb5y9su7qnk09udc2wtvojzpfm/confusion_matrix_table.table.json","size":1808,"path":"media/table/confusion_matrix_table_10_728b4db7e0d07b7c5681.table.json","log_mode":"IMMUTABLE","nrows":100,"sha256":"728b4db7e0d07b7c5681277e6ae4366805bc5f03137fe3b5068a286611d1ccb1","_latest_artifact_path":"wandb-client-artifact://h1ct9s1yxf6tsaj5i5h9c4hhtiizc7ufq2u5hpu0vm5z3h8x72jbhllnrtp1gicj2wao3bw4newy3cp7artmyu7bh3bhggxfqrk3rfeq81mz8qj8m3wy0fsr5y3p8yrv:latest/confusion_matrix_table.table.json","_type":"table-file"},"test_f1":0.9320263913808307,"val_loss":0.23327341396613346,"test_accuracy":0.9329,"train_loss":0.2250008452851758,"_wandb":{"runtime":43},"_runtime":43,"test_loss":0.22760723530971527,"test_precision":0.9322867277316955,"test_recall":0.9320459454937092,"epoch":10,"val_recall":0.9311814395175706,"val_precision":0.931176687261299}