{"_timestamp":1.7728412806340811e+09,"val_loss":0.1114338824695526,"test_accuracy":0.9794,"confusion_matrix_table":{"size":1788,"nrows":100,"sha256":"281f2d765d28be234c19c1ddfadf9072666ed8606ccd1fcfdf08352cd6838b2b","path":"media/table/confusion_matrix_table_9_281f2d765d28be234c19.table.json","artifact_path":"wandb-client-artifact://ksg6te1uzvg55waa4qfquicbpa2nwyjraufg0ksm9hpmonkgcq5muqng2f1x8rp71d6gf153ke5ejnqxuixfu06zceq7zqd1z6o4hggdgvbb4v1ncpmgpqx9dd9a97pv/confusion_matrix_table.table.json","log_mode":"IMMUTABLE","_type":"table-file","ncols":3,"_latest_artifact_path":"wandb-client-artifact://fwmhn1o4b2kwykmae69ps0h6kwf5915cnlpssdn62exrvqki8v52xsa9a6qunnohkf1w0du8a4lzwaok722gtf40k55qun5409ouf14hk7cwh9vs2yhvo3rgnnu0k6tp:latest/confusion_matrix_table.table.json"},"val_accuracy":0.9746666666666667,"val_f1":0.974789664368936,"val_recall":0.974428549198539,"_runtime":71,"_wandb":{"runtime":71},"test_recall":0.9792328765931237,"_step":9,"train_loss":0.022256630803618685,"val_precision":0.9755216476723817,"epoch":9,"test_precision":0.9794473857555255,"test_f1":0.9792945178579828,"test_loss":0.07551737715535899}