{"confusion_matrix_table":{"artifact_path":"wandb-client-artifact://ovof0g40r32sxpwhqa6o82t85l8zxm3rwelo1757l18vaxoeczr8qeppgawjts225ky0nm9k6y2l9ezh3rvztmqhpn15jrfviy2suiyjvogv9zqkbdq67spka4a9zfn0/confusion_matrix_table.table.json","nrows":100,"log_mode":"IMMUTABLE","ncols":3,"_latest_artifact_path":"wandb-client-artifact://1gq22gk8uj0u6k4su8vcn4yy86ycg3p926m2n0az55j2iyozoinj1xksy30vpis785cv8pmjnbis8xhx10ivslqhouty8jlejnc1c33941g3k1u2ibkcrpbwkgc2z4iw:latest/confusion_matrix_table.table.json","size":1791,"_type":"table-file","path":"media/table/confusion_matrix_table_8_a667985097e629d344f5.table.json","sha256":"a667985097e629d344f5c40c2dc59aef2c4df65d1dccf1ca77d2969329980dfb"},"_runtime":38,"_timestamp":1.7711572494752765e+09,"test_recall":0.9719892637882358,"val_loss":0.11099980185571232,"_wandb":{"runtime":38},"test_f1":0.9721983895095869,"epoch":8,"val_recall":0.9709791345408793,"val_precision":0.9713061463952336,"test_loss":0.0889609350374992,"test_accuracy":0.9724,"val_accuracy":0.9711666666666666,"val_f1":0.9709931126931863,"_step":8,"train_loss":0.039959303830139396,"test_precision":0.9725816481411576}