{"_timestamp":1.7711567638580806e+09,"val_accuracy":0.884,"test_accuracy":0.8818,"test_precision":0.8804794625759417,"val_recall":0.8831569821175977,"_step":10,"epoch":10,"confusion_matrix_table":{"nrows":100,"artifact_path":"wandb-client-artifact://l8h01djw7yf9uzejxwy8tcjyvwhbq9efzvdz9uqr1ops7cwvs66nvtb6mzlwr059uairs382badbj651bhbkx3x1xz1wdk7prlpqbt84ilc612pjqkfhlb7qp610r2z9/confusion_matrix_table.table.json","sha256":"4ed5ddda9c08d493498963b52295ea513ce8522d52aab940d5ce110bc9b0c83b","size":1826,"_type":"table-file","log_mode":"IMMUTABLE","ncols":3,"_latest_artifact_path":"wandb-client-artifact://g0zqq8kjitat79ucqf95et5bti6m39apnb90ilw85g5eb1r82s7qius3f06tt1xhdizmvkimkz93wiypvaji6t7fr412wn18wkb63jreoyizci510e1711ajonyndlgu:latest/confusion_matrix_table.table.json","path":"media/table/confusion_matrix_table_10_4ed5ddda9c08d4934989.table.json"},"_runtime":48,"test_recall":0.8797350658980921,"_wandb":{"runtime":48},"train_loss":0.4766982284075724,"val_precision":0.8833021695761774,"test_f1":0.8796050313892039,"val_loss":0.4640879479505515,"val_f1":0.8826474268416853,"test_loss":0.46380434739581505}