{"val_f1":0.9538367674983993,"val_loss":0.1854575328047899,"_runtime":14,"val_accuracy":0.954,"test_recall":0.955253728731208,"val_recall":0.9538644613015024,"test_f1":0.955290669983109,"_wandb":{"runtime":14},"test_loss":0.15231648765943834,"_timestamp":1.7711444080071435e+09,"train_loss":0.12828080689454907,"test_precision":0.9559365036047976,"test_accuracy":0.9556,"_step":4,"val_precision":0.9545897125364909,"confusion_matrix_table":{"_type":"table-file","path":"media/table/confusion_matrix_table_4_f8d6158498a359e9c7e4.table.json","sha256":"f8d6158498a359e9c7e4e84d0e2ca6788347995c097f458a06459c935d97eb34","artifact_path":"wandb-client-artifact://xk4o1nrq3sxqrsos99y37iwal67swcdq09q5q7qp0aycmy7qegfb7m43ho1ug7dzu2yk6j2dug4b7ft7r1yna5auwnjk7syfie1qdeo2unbzoh1x3rd34wvwf7z3jk5v/confusion_matrix_table.table.json","nrows":100,"size":1799,"ncols":3,"log_mode":"IMMUTABLE","_latest_artifact_path":"wandb-client-artifact://vmhi9nfshfbs61fma8p0ar78takb4pcva0lf9ujb82xi1mf7dv1mqk6nay78crem5y8yxj9rf0qpyxxfv7cb1fnoepsxyg1subllankqpnv4m2wnitfb8tdcdn7gieqo:latest/confusion_matrix_table.table.json"},"epoch":4}