{"val_f1":0.9494004545199578,"test_precision":0.9477164209257765,"test_loss":0.17311627891228046,"test_f1":0.9474860282111797,"confusion_matrix_table":{"ncols":3,"path":"media/table/confusion_matrix_table_7_2622b24f185ade19fb8f.table.json","_type":"table-file","artifact_path":"wandb-client-artifact://ag6o7dm149wxrhl0jr19176rs6c8igxo7rf59j41v15412l9qsccir57mvn1sskgpgkfwn2awm4m1te8s7awrfwep1p0seerh4wypmeh0bxh1nsoxcn7i4r5nedeowi6/confusion_matrix_table.table.json","size":1797,"log_mode":"IMMUTABLE","nrows":100,"_latest_artifact_path":"wandb-client-artifact://3rm35m5pnz2qovj8n1jzz7d2yw6b4sm2l1q886dlwaj8mo74y3k8bj6asxprhgus21r8wnj8qwsd7fuijabybd9yc5af0c8r76ly7qlk72nj207k72khs3aqjo2d7kbl:latest/confusion_matrix_table.table.json","sha256":"2622b24f185ade19fb8f673cde6bc990b52fc44aac252659644304c5833e5df0"},"test_accuracy":0.948,"_wandb":{"runtime":37},"val_precision":0.9498533604932848,"test_recall":0.9477649970754023,"_timestamp":1.7711542793764813e+09,"val_accuracy":0.9496666666666667,"epoch":7,"val_recall":0.9493975803581021,"_runtime":37,"val_loss":0.19107596109867972,"_step":7,"train_loss":0.1470497300242593}