{"confusion_matrix_table":{"nrows":100,"size":1825,"_latest_artifact_path":"wandb-client-artifact://ccplsi393uuz4advwpmozerbsd2dzgstfmiehqdeo20u10qsstusqokhaa3tfvawr2n6rg4kc1yv8raij3k46so37c5jh06rdgee08j69sv1oikd3t1mf559sru410js:latest/confusion_matrix_table.table.json","log_mode":"IMMUTABLE","path":"media/table/confusion_matrix_table_10_117fe88be5b688725e63.table.json","artifact_path":"wandb-client-artifact://u2zm7it2ae0n775e0pqi30x93s9vdi4ocrf38ncwwhq9iayzgx36pfbmrry8bcsxv4iopuynggfj307v00u28ys0pw0rup7s73w7cqcjxamd6zv628fq0si5etgpdz56/confusion_matrix_table.table.json","ncols":3,"_type":"table-file","sha256":"117fe88be5b688725e63dda658423593fd70bdadbd0de19dee072825c26df6ee"},"train_loss":0.4808122925372879,"test_f1":0.8783673052237659,"_wandb":{"runtime":39},"_timestamp":1.7711447071127903e+09,"val_f1":0.879355412654343,"test_recall":0.8785831262306705,"val_recall":0.8799269007990915,"test_loss":0.46693347220217746,"val_precision":0.880095093414307,"_step":10,"val_loss":0.4678260232913828,"test_precision":0.8792014863168477,"val_accuracy":0.8808333333333334,"epoch":10,"_runtime":39,"test_accuracy":0.8808}