{"test_accuracy":0.9483,"test_loss":0.20629530208747557,"val_recall":0.9438415910271264,"val_accuracy":0.9436666666666667,"_step":3,"epoch":3,"_runtime":35,"test_precision":0.9489174938066037,"_timestamp":1.7711458989543884e+09,"val_precision":0.9444087397462294,"confusion_matrix_table":{"size":1801,"log_mode":"IMMUTABLE","sha256":"d2ce29abe9d5ff2fddc52d58693a09c68c43c13d976dd77fdb78e771eb0230ac","_latest_artifact_path":"wandb-client-artifact://9kx26ofumx4iqrkyj4vl9xf042rpbmdz0fi30xysg49kegnp0b1vzmiap17hvz04qukxcpq40ja7ywd96xfox0cust5m1qbeqc36hwx0h0eptc04bek79qq3f67hte67:latest/confusion_matrix_table.table.json","nrows":100,"ncols":3,"_type":"table-file","artifact_path":"wandb-client-artifact://ajfx0kdpek499qwnd9vyl8vr1jitxu9vhwqg2s45m6gaetie80ukwal3684pno6s3ujdddqd2346pyn6gzon39x75md81zbdl3gz3uew4wp1mt7doimti3s0qx38hvoi/confusion_matrix_table.table.json","path":"media/table/confusion_matrix_table_3_d2ce29abe9d5ff2fddc5.table.json"},"val_f1":0.9432313046066174,"train_loss":0.21435160986832338,"test_f1":0.9478525205493822,"test_recall":0.9477601408286397,"val_loss":0.24253482861334058,"_wandb":{"runtime":35}}