{"_timestamp":1.7711446188597982e+09,"test_f1":0.9761159440492634,"_step":8,"test_accuracy":0.9763,"_wandb":{"runtime":54},"val_recall":0.9759093191508088,"epoch":8,"val_accuracy":0.976,"val_f1":0.9760993640709795,"train_loss":0.025323114038915646,"_runtime":54,"val_loss":0.10581359035784987,"test_loss":0.07809333949517339,"test_recall":0.9760724306139001,"val_precision":0.9766263762160221,"test_precision":0.9763177507948282,"confusion_matrix_table":{"log_mode":"IMMUTABLE","nrows":100,"_type":"table-file","artifact_path":"wandb-client-artifact://jbaxx0fgyjemtreofuwx0fwquul0durw1ih92orqy569qi51xfodsn0x5d7q1zd77aotkrzdwz80g7cvhhe5klryk0e8zls33sgt8sljftxaa5ivydmfez6hs87olque/confusion_matrix_table.table.json","_latest_artifact_path":"wandb-client-artifact://pog0dp2wtzeh5m2kprfx7ammz8v11dx49g11paf3d6rriebbw5w887o1rpgmbtpz286czhivmi0whsbr1q8o004qi8exkwcugxwrwg5odjtypmjjrshxzdcfptk7p2wz:latest/confusion_matrix_table.table.json","path":"media/table/confusion_matrix_table_8_9f742651c3bfbc07b2bd.table.json","size":1789,"sha256":"9f742651c3bfbc07b2bdf4a53e57c23a83886f394a35a9dac5984f15fbfdde96","ncols":3}}