{"val_loss":0.10356231937283848,"test_f1":0.9695077632533075,"val_precision":0.9710680518006229,"_step":10,"_runtime":23,"test_precision":0.9696757522290461,"val_f1":0.9709263142892303,"test_accuracy":0.9698,"_wandb":{"runtime":23},"_timestamp":1.7711566984466496e+09,"confusion_matrix_table":{"log_mode":"IMMUTABLE","_latest_artifact_path":"wandb-client-artifact://lqmiv7xbz94a7b38g3itl6qh8qhdk68p64bnj8i4ogcm7hkqt2kwpd1texad8i7vmbhk4x99j6k3draulge0298s2sblpopckn2ddj21nmpyqlxhg8wa5m0iad6qwpzc:latest/confusion_matrix_table.table.json","sha256":"b915c46ef3385c9a8e1f58bb533d6dcf386dc9a3f2dc88c41bed7fd38950f8b9","_type":"table-file","artifact_path":"wandb-client-artifact://zh5ksnuxythdsr84ze44whenwplqj1129sbqwoynenuuz6pd95ilmcxldjxsy05w9cdqg78gsmk4hx6ude0agnm9chn9zrxuhsy63hlnzzm8nia7w21nzepnmcmdmwxe/confusion_matrix_table.table.json","size":1790,"ncols":3,"path":"media/table/confusion_matrix_table_10_b915c46ef3385c9a8e1f.table.json","nrows":100},"test_loss":0.10159374623614609,"train_loss":0.058455326280233054,"val_recall":0.9709695673757219,"test_recall":0.969412186065383,"epoch":10,"val_accuracy":0.971}