{"test_accuracy":0.9748,"_step":10,"_runtime":62,"test_f1":0.9745557193330086,"_wandb":{"runtime":62},"epoch":10,"val_recall":0.9770547896298636,"test_recall":0.974465919937655,"test_loss":0.08447035911274395,"train_loss":0.01712246607795264,"_timestamp":1.7711553856654947e+09,"val_precision":0.9771840198935392,"val_f1":0.9770759738954402,"val_accuracy":0.9771666666666666,"confusion_matrix_table":{"size":1787,"nrows":100,"ncols":3,"artifact_path":"wandb-client-artifact://ypu8ovk8l0onkt2zmn5vi9e0pvb1m82anyr79lr01m9c07qzchngscrvt3kekx8njrd5u2rsgifoigvtd8ubhsqrnrwaljnt00won0kz6b5k4giztehvrc275z4c4y17/confusion_matrix_table.table.json","path":"media/table/confusion_matrix_table_10_2b913089a3dd305a202b.table.json","log_mode":"IMMUTABLE","sha256":"2b913089a3dd305a202bef50605444a42b7b09dc7de2dc20ea13ec11276d94ee","_type":"table-file","_latest_artifact_path":"wandb-client-artifact://tecgigh7c9f5kvoihumjvmrd6nhqaeje3pb8rtoio35b281cq69vlhur3wn5ofeqx0kq2guapo1hroenr6so1zmi6k0hi0qhnhl8y8et78uh8e08zpzunv8jeb45ziq0:latest/confusion_matrix_table.table.json"},"test_precision":0.9746736125571349,"val_loss":0.09484787304773974}