{"train_loss":0.395682476812645,"test_accuracy":0.8576,"grad_neuron_4":0.0588928034627575,"test_recall":0.8576,"epoch":10,"grad_neuron_1":0.22126358515812616,"val_recall":0.8542842453686686,"confusion_matrix_table":{"ncols":3,"_type":"table-file","_latest_artifact_path":"wandb-client-artifact://4i1yo4jqvll8fzryhys0e471xxdy9ssoctt4b3vr6yqz31xahw7842nzk2t7nanxw4eaob3vbauzz5obcxeh4uo6hrc2pnn1ea0ke8287n3zwmvwit8ayqmfelqg3ky3:latest/confusion_matrix_table.table.json","artifact_path":"wandb-client-artifact://wp60h2lcl84f1xine4x2qha4ezuoa4fan5yp7ec2eemk693h2bz99zmq1igcjcatt2f9sj5t7yvqyyxss9996p2uc3511a0z9blgq85g0svpxegygq3blbw1mnuu6mbw/confusion_matrix_table.table.json","path":"media/table/confusion_matrix_table_260_efd8eaed2a1c61071b2c.table.json","nrows":100,"log_mode":"IMMUTABLE","size":1815,"sha256":"efd8eaed2a1c61071b2cb6dcefa861b5108a9b4e97e277ba25c63beb31e9cc1a"},"test_loss":0.4103360343247731,"_runtime":70,"_timestamp":1.7728810748227134e+09,"grad_neuron_0":0.07580222633334804,"test_f1":0.8536165461971548,"val_accuracy":0.8556666666666667,"test_precision":0.8570305235167032,"val_f1":0.8503664474617503,"grad_neuron_3":0.07976506561877414,"_step":260,"grad_neuron_2":0.08947139700886383,"val_loss":0.40265314007252284,"val_precision":0.8529228231047978,"_wandb":{"runtime":70},"iteration":49}