{"val_recall":0.8697981500273206,"_wandb":{"runtime":46},"val_f1":0.8693345184798866,"_runtime":46,"test_f1":0.8699637947598078,"epoch":10,"test_precision":0.8711356201506787,"test_loss":0.4845164160507071,"_step":10,"_timestamp":1.7711588603763456e+09,"val_accuracy":0.8706666666666667,"train_loss":0.4997128624865448,"test_recall":0.8698961176396548,"val_precision":0.8702253694618405,"val_loss":0.4834700363925314,"test_accuracy":0.8721,"confusion_matrix_table":{"artifact_path":"wandb-client-artifact://vj5wj4b47r84e9x4mh9ybisgz95at59oxcpkoxtfe3243ljyznbjyajgyrm0dr790lolxlpub5t5litvzjxi4vl4kee40xm76yyb3cfi09cu2e0yumzeybdhz0g9kq8a/confusion_matrix_table.table.json","log_mode":"IMMUTABLE","path":"media/table/confusion_matrix_table_10_7910aa6024c16f015398.table.json","ncols":3,"_latest_artifact_path":"wandb-client-artifact://w6tlonn2ax472l0bxc1mt9x0ekckefvy2ueaq9xamm4axbdzkhyy5xc9n3xk0pkjmxoyyy1c73cpt2u7tb5b3eevbcdl6op53p6p4dsq0spny81bd7jcxycdkbt9os38:latest/confusion_matrix_table.table.json","nrows":100,"sha256":"7910aa6024c16f015398b96cff579d83e8a3a5b05d44431c9c654748ebde919d","size":1831,"_type":"table-file"}}