{"confusion_matrix_table":{"ncols":3,"path":"media/table/confusion_matrix_table_10_4cf3e84d62999cb9fbee.table.json","_type":"table-file","log_mode":"IMMUTABLE","size":1805,"artifact_path":"wandb-client-artifact://oh3rnap8b9ab8wihktm5d8x5q5ln5fm3xj2thp1xu0qwq1mbtw2fr90fyy0b7m1w1izuxgqbar0clow9qygaktvnldwtvwfl99p1ydsmce17pgyrcd941xy2hnqalqzx/confusion_matrix_table.table.json","nrows":100,"sha256":"4cf3e84d62999cb9fbeeecc3f8c1caaa85b5e6493d923b7a1a0ef1c8db2ab3ed","_latest_artifact_path":"wandb-client-artifact://ubd82vtml0eqkxk51s99mjwij5lvc26g6n1m8hb3v9ypmmko46fpv3upt0q8cfo1ga6p6y2t4wsn2o9gvr1dble9037gwp3f9c6xc9glfkegbzamoj2u84dutrj2f9kg:latest/confusion_matrix_table.table.json"},"_wandb":{"runtime":66},"epoch":10,"_runtime":66,"val_f1":0.9436428374047434,"_step":10,"train_loss":0.18704634488387104,"val_recall":0.9435753644737097,"test_loss":0.19572786976633041,"test_precision":0.9432856295338727,"test_recall":0.9423881690539162,"_timestamp":1.7711436864512691e+09,"test_f1":0.9426237922509951,"val_precision":0.9439362240185117,"val_accuracy":0.9441666666666667,"val_loss":0.20172857132003552,"test_accuracy":0.9432}