{"test_f1":0.8345567345394113,"_wandb":{"runtime":37},"epoch":10,"confusion_matrix_table":{"artifact_path":"wandb-client-artifact://udvap2jgirb5od9hviusort42a1y03nazrqleuy7f2phkgvyuq1wgaqkf0wvlh4z2z244ehrf3lvtj8sysm7606p3ltidh1tseedlxkm5x3cygq07vz49r7vyni14ij3/confusion_matrix_table.table.json","_latest_artifact_path":"wandb-client-artifact://4q1k28eqyn0r1rglakxfjqwfdds887mxv66bhvprcch39nc2szyc4f1302u886oovh9th6vlz1je3c6r7ijenayi5n42z74d6362sof46i0qks3wvmnptjbdkqoo1j61:latest/confusion_matrix_table.table.json","size":1838,"path":"media/table/confusion_matrix_table_10_dfabce11cd23471b837c.table.json","ncols":3,"_type":"table-file","log_mode":"IMMUTABLE","sha256":"dfabce11cd23471b837cf6436e6b78dc6d9b11649750c712f12fe9f1443d670d","nrows":100},"val_f1":0.8297200871765741,"_step":10,"val_recall":0.8310258994776959,"test_accuracy":0.8389,"val_loss":0.7129431866805253,"_timestamp":1.7711476554481127e+09,"test_precision":0.8391695767331259,"_runtime":37,"test_recall":0.8351964403750068,"val_precision":0.8335987375150203,"train_loss":0.7288364323038563,"test_loss":0.7053853143835633,"val_accuracy":0.8331666666666667}