{"confusion_matrix_table":{"path":"media/table/confusion_matrix_table_9_798322ce4f415410e5b3.table.json","size":1789,"nrows":100,"log_mode":"IMMUTABLE","sha256":"798322ce4f415410e5b32cd13dfac51874a18b46982fa0a8665b1a60d0edb8bf","artifact_path":"wandb-client-artifact://dgd39zjj2ugi7pc6tw8lte2v72trtafk0ejow3i6e2h28ty3ewj7o0snodvjwmtkbpsr449u8pqxwuis2juqjhcpwylk3txit8cvun02x3jeil1jzbt4vaofzsw3z1hn/confusion_matrix_table.table.json","_type":"table-file","ncols":3,"_latest_artifact_path":"wandb-client-artifact://gm8g1slcxx47g7f1p86kefovfspznirbdn31j1l8zg9nydxccgw33grvglb5c2hemdknvjpczi5m6rlg7yz6mvqv7fwh5kk55nodbgbykc1jdqpt1xpifpzghw78m1gx:latest/confusion_matrix_table.table.json"},"test_precision":0.9710014562728334,"_timestamp":1.7711568826237257e+09,"val_accuracy":0.9708333333333333,"test_loss":0.09374300208054442,"val_f1":0.970949903122615,"val_loss":0.10946083054836983,"epoch":9,"test_accuracy":0.9712,"test_f1":0.9709545598165624,"val_precision":0.9713834774196799,"_step":9,"val_recall":0.9707705497551039,"_wandb":{"runtime":26},"train_loss":0.03075857897801122,"_runtime":26,"test_recall":0.971007292088729}