{"test_accuracy":0.9668,"_wandb":{"runtime":41},"_runtime":41,"val_f1":0.9672776972465069,"test_f1":0.9665200367508888,"epoch":10,"_timestamp":1.7711571920908618e+09,"val_recall":0.9674491162148445,"val_accuracy":0.9673333333333334,"val_loss":0.11669881865952421,"test_recall":0.9667166226894741,"train_loss":0.05456541102720123,"_step":10,"confusion_matrix_table":{"_latest_artifact_path":"wandb-client-artifact://y8gr087gdioejnifk1hc8ni84s04wt18yfhtciwuqxy1acp162exh6f9q70ct2f0sx1fl7ovrdjmy9xff92gxt6p0qoauqxxpzxj4ydfdw1npr8i5vkzrdwa2qlohe7s:latest/confusion_matrix_table.table.json","ncols":3,"size":1790,"log_mode":"IMMUTABLE","sha256":"edb13a3f49359d2fe504ad5317da6ffbaf34cc34702b255bfa1a453e59dfec29","_type":"table-file","path":"media/table/confusion_matrix_table_10_edb13a3f49359d2fe504.table.json","artifact_path":"wandb-client-artifact://2ooxuzpebkg178nj8rq46baubfx96e2rqvjv0s5zgajnqyv9gqy74bs9atudbf232cpyueg60mle7zx02mkbopu1ugq29kekmo2nyceiqx9wko8rdai6598ryc3gdcvu/confusion_matrix_table.table.json","nrows":100},"test_loss":0.10573699517413045,"test_precision":0.9666304614628171,"val_precision":0.9674196891204847}