{"test_f1":0.9645194239702048,"val_f1":0.9545108220155015,"_wandb":{"runtime":61},"val_accuracy":0.9546666666666667,"epoch":5,"val_recall":0.9543860177640411,"test_loss":0.14177266073503925,"confusion_matrix_table":{"nrows":100,"_latest_artifact_path":"wandb-client-artifact://p2k3iuohcgi654ojrkcysjmyrrckr2qhdz2rq8qdt0xq7vsmxb34ia1duxhp4qpbh32swlqbcf0jkrgdnnemxu1z1pjfow9pl87un1rcfh2j6xg2o16i1gu9szmvvnrx:latest/confusion_matrix_table.table.json","artifact_path":"wandb-client-artifact://gmiufcepnz6vs3ou3x3quj9dvym0j8qweq8jwyhaqo634k4i9vpc9nm16fm2at15nfcf0dt840gt4z2wm5p37ydal3eudlc5350ufbmkzalc4ae24d7cklw1agstcxww/confusion_matrix_table.table.json","path":"media/table/confusion_matrix_table_5_cbdbba59c52cf1157774.table.json","ncols":3,"_type":"table-file","size":1794,"log_mode":"IMMUTABLE","sha256":"cbdbba59c52cf11577741e4277695ab649219adec5441c106acbe9455933561f"},"_step":5,"test_accuracy":0.9646,"_runtime":61,"val_precision":0.9558298944492168,"train_loss":0.10711700219483478,"_timestamp":1.771154359954566e+09,"val_loss":0.2313082136008042,"test_precision":0.9654050930683447,"test_recall":0.9640454257614811}