{"train_loss":0.4388531620311685,"_timestamp":1.7711571348011336e+09,"val_accuracy":0.8866666666666667,"confusion_matrix_table":{"path":"media/table/confusion_matrix_table_10_5ead0e7a079f69ee7ee3.table.json","_latest_artifact_path":"wandb-client-artifact://ykh8guci8s6lh6mhdjx1q8jcyfns5wz5m0na1277mt7g718s93wmfuy17acodgg162e8afi3qhxy3w5vblo0tnd55mlmg87q9fulupxzcrmcsf1uhj2qauxdk5502xg3:latest/confusion_matrix_table.table.json","size":1825,"nrows":100,"artifact_path":"wandb-client-artifact://d3977qii23pagx3cdzoc5prlpq90m185yaayfudps7j3ahgkgw7m2yys8wyynbidyz14kz9823uj4px1orcpm0ner2p5jcb8tqlunyktcc1qiw0dt12z7dqii2wjmngz/confusion_matrix_table.table.json","_type":"table-file","ncols":3,"sha256":"5ead0e7a079f69ee7ee3d710632757f395f6adc4c877b236d8c6a758c93e05ce","log_mode":"IMMUTABLE"},"test_accuracy":0.888,"val_recall":0.8860624006011776,"test_loss":0.4255091236652912,"test_f1":0.8861660327641043,"val_precision":0.8859881316891339,"epoch":10,"val_f1":0.8857647727043778,"_wandb":{"runtime":50},"_step":10,"test_precision":0.8867418827235847,"val_loss":0.4251530072908415,"_runtime":50,"test_recall":0.8861825741189199}