{"_wandb":{"runtime":73},"_step":5,"val_f1":0.9631834595518856,"test_f1":0.9657492684110043,"_runtime":73,"test_precision":0.9661246318303623,"test_recall":0.9656264418811598,"_timestamp":1.7711589525115845e+09,"val_recall":0.9627883012851882,"val_precision":0.9645709918091138,"train_loss":0.1104663473616145,"confusion_matrix_table":{"sha256":"c2c7146802696bd7701e37dbdf57814a2bccaa73291447ccf3484feee25f3983","_type":"table-file","_latest_artifact_path":"wandb-client-artifact://abcyfvmu3ffdpdnxj2naldmnf88rgrv2xjd0pyd5u5m3b0q2loi1wstub482gamsf6w6aj4j2zahd6lqpokdmuik2n1gpfsclc5c8j2d7gaazk45zirb9kx5nhb4w59f:latest/confusion_matrix_table.table.json","nrows":100,"ncols":3,"artifact_path":"wandb-client-artifact://icp8to27c3f401xyi6yoziuxv9i2c4pdana0qkx2v7wwqztvr6pwwntm516bj6cmcemzdqedq4qmxgylgfyxrm2th2aj5oy0jvgpq96riy0dtr8lsswmri3vkv6uyag7/confusion_matrix_table.table.json","log_mode":"IMMUTABLE","path":"media/table/confusion_matrix_table_5_c2c7146802696bd7701e.table.json","size":1793},"test_loss":0.12124476598222728,"epoch":5,"val_accuracy":0.9633333333333334,"val_loss":0.1513133188800847,"test_accuracy":0.9661}