{"_timestamp":1.7711460528417418e+09,"test_recall":0.849438449346293,"val_precision":0.8517305473966651,"train_loss":0.6659690821577314,"test_loss":0.6456089107300221,"_runtime":52,"val_loss":0.6460713208358725,"val_accuracy":0.852,"test_precision":0.8516884560226226,"test_accuracy":0.8521,"_step":10,"_wandb":{"runtime":52},"val_recall":0.8505207812703652,"confusion_matrix_table":{"path":"media/table/confusion_matrix_table_10_046abc7cd2d8a93f23af.table.json","artifact_path":"wandb-client-artifact://t2nsor4i4dgfirco14kp2foqhc0mu4jm419uh0q74lxq8bp1yg32xn45vizkbrpxb5tw9l7kiximcgdmorp642c5bs4tm2qghtclelwfqq7oli13u37b3wf7plt1vesu/confusion_matrix_table.table.json","sha256":"046abc7cd2d8a93f23af585fad67d8fea10b54097396561a77b214759f1e98d3","_latest_artifact_path":"wandb-client-artifact://gm6ku0grkr4t415gts59cvpo4gdh88xslbuheydgc4gs38grfdruw0ix6h3v02gre3wt7kjuixb3poa5r3lxo09gsqg9pkxnuam98z30koa3f6yrfs8jz8mugvghsy6d:latest/confusion_matrix_table.table.json","size":1833,"nrows":100,"_type":"table-file","ncols":3,"log_mode":"IMMUTABLE"},"epoch":10,"test_f1":0.8491927439512355,"val_f1":0.8494887265082702}