{"test_f1":0.9756016934803371,"train_loss":0.022321152810171326,"val_precision":0.9765872772131641,"val_loss":0.08751690185191235,"confusion_matrix_table":{"_latest_artifact_path":"wandb-client-artifact://xjs4k6bi0uup2ynppk9ufuj6wnd00nik0lb9tmtwynxrypdutd3lhnqoxge1coojw07rljm4yr4bdjiswu95uhly7cfy3wt6cpqdc9nen4tz1a3qwuvcbe246p5scfex:latest/confusion_matrix_table.table.json","_type":"table-file","sha256":"7af19776b6e5ccd1763dbbcd89b5bbb239ae22ff39fecd34b877ee6d4fa9b8db","log_mode":"IMMUTABLE","ncols":3,"artifact_path":"wandb-client-artifact://ebybinvdb76gc1ba8ty4h82ty1uvpwnb7ufdntl0s1zmzv35lb98hie1jj928n2kjj4fejdik15450yfpxevtmc3gppip9i8txzcg9hmezesfkq3jtl633vb1qfzgfea/confusion_matrix_table.table.json","path":"media/table/confusion_matrix_table_9_7af19776b6e5ccd1763d.table.json","nrows":100,"size":1789},"test_loss":0.0823355294797302,"val_recall":0.9762008888596556,"test_accuracy":0.9758,"test_precision":0.9759105881447425,"_runtime":73,"_wandb":{"runtime":73},"epoch":9,"_timestamp":1.7711591324101472e+09,"val_accuracy":0.9763333333333334,"val_f1":0.9763077795826849,"test_recall":0.9754936528743257,"_step":9}