{"_wandb":{"runtime":60},"val_accuracy":0.8806666666666667,"test_loss":0.4477693539968557,"val_loss":0.44998695985930603,"test_recall":0.8807818158457014,"val_recall":0.8795098841961485,"val_precision":0.8798533640402096,"confusion_matrix_table":{"_type":"table-file","artifact_path":"wandb-client-artifact://yqj2yzrcqv7y5yc74asut42732pg8o2s9p24mj2j4ursuw9s19w5f1fufrmpf0xzfeoup61a8lfmeq5106dtzlf56czj3r73cj2wx0ay72bzbf8sn5r38jtor2tco2ea/confusion_matrix_table.table.json","nrows":100,"sha256":"66772095518d15dc2206dbb4d03383b80991d81725a26cdc8e4cd2547ee09a36","_latest_artifact_path":"wandb-client-artifact://3inz2nnwpzzuhd1wv7xzonxs162zhr79mo1n6k0jvsnz855mncc5d6fklmmn7qwq1siqvrphccfcgmehr5e1u7qu8i6tmzipc2la3f67t2rofl2wzwykm5sdr2p2pxdo:latest/confusion_matrix_table.table.json","size":1826,"log_mode":"IMMUTABLE","path":"media/table/confusion_matrix_table_10_66772095518d15dc2206.table.json","ncols":3},"_timestamp":1.771143763792951e+09,"test_precision":0.8815029724297683,"train_loss":0.46130262500363783,"epoch":10,"_runtime":60,"test_accuracy":0.8828,"_step":10,"val_f1":0.8791375185253096,"test_f1":0.8807655730302836}