{"test_recall":0.8548072112365983,"test_f1":0.8547561105722297,"val_recall":0.85514863717674,"_wandb":{"runtime":55},"confusion_matrix_table":{"artifact_path":"wandb-client-artifact://dyfsgamzd99uha7qz3y2ff019iy1hl4lhrzf2228c8qj5s7e1qgekq4e50ezd0u1u0kd8tk489sd9tr9rj7mn7vmc9ixycfjg434tou3dn0nih9m4pj8u3kxgpovdmj3/confusion_matrix_table.table.json","log_mode":"IMMUTABLE","_latest_artifact_path":"wandb-client-artifact://xmt7rsh5u4sznw6wlj0duilqvkahtmt33sieo1kyh6ir4wvu11x4zrgaibxc2tiaj2ky1ejzew4x7pacx9paw922zgqkm7x2y9ykegusxkxfnkm57x1a623fy6gi21ws:latest/confusion_matrix_table.table.json","size":1833,"sha256":"c3150371e9e6487b9ddbed377148df06de2ea6886ba9d11ad5454eae3c21e8f0","path":"media/table/confusion_matrix_table_10_c3150371e9e6487b9ddb.table.json","ncols":3,"_type":"table-file","nrows":100},"_step":10,"val_precision":0.8566454054114823,"train_loss":0.6220451749743231,"epoch":10,"val_f1":0.8545919608510377,"test_accuracy":0.8573,"test_loss":0.6038596780769315,"val_loss":0.6044866768169025,"_runtime":55,"val_accuracy":0.8563333333333333,"_timestamp":1.7711585296906793e+09,"test_precision":0.8569752013253862}