{"test_accuracy":0.9746,"test_f1":0.9743822159683567,"confusion_matrix_table":{"artifact_path":"wandb-client-artifact://uuvrec1htdmtaz2bpw9c1pb6s6h9kjp7setn3g8djyb2iwv07454jqas8xc3mfs7v8e83y2gks0nidevfso9ghxtd83oj8nl9if6apjyr282paqwx38lasaxph57rxd0/confusion_matrix_table.table.json","path":"media/table/confusion_matrix_table_10_dcdbb1c0861bc93e2929.table.json","nrows":100,"ncols":3,"_type":"table-file","log_mode":"IMMUTABLE","_latest_artifact_path":"wandb-client-artifact://ertblmq6qj0lwkpb1ashhbbtf4wl6hkmcdpi959d3zbfcbjfdlkuvzp9y0ujh4a6clloewqxaho1w2sncdmn2pe6tr9qqo3ciiehjpzp0ymrorx4maxz3ac35icsc0bb:latest/confusion_matrix_table.table.json","sha256":"dcdbb1c0861bc93e2929d85a49206b778b177cd619ddfbd8963a10b2ed9b0bed","size":1790},"val_precision":0.9725194485506755,"_step":10,"val_f1":0.9719556261045629,"test_precision":0.9744290837245009,"val_accuracy":0.972,"val_recall":0.971719266832433,"_runtime":99,"_timestamp":1.7711582859712148e+09,"epoch":10,"test_recall":0.974423418599145,"_wandb":{"runtime":99},"val_loss":0.09577989985882675,"train_loss":0.02862689362814394,"test_loss":0.08238359748709528}