{"test_f1":0.9568508972283434,"_wandb":{"runtime":38},"epoch":4,"confusion_matrix_table":{"nrows":100,"artifact_path":"wandb-client-artifact://dbww57x1aqz4pdg1vq6fqiamcz75oy615p098ikuyrq76rd46brmlf12nkyiifyjr7aey9j4zv2cjgyzfex7fdwr8fh3qzny61ebu59dof39xagkboznw2rweha0sz8r/confusion_matrix_table.table.json","size":1799,"_type":"table-file","ncols":3,"sha256":"fec61c1e10a485224adce95e160f5a8e71351965d42806654e1ac5a8406717e4","log_mode":"IMMUTABLE","path":"media/table/confusion_matrix_table_4_fec61c1e10a485224adc.table.json","_latest_artifact_path":"wandb-client-artifact://27k1h96zb46oyh4fzru05ywq83hh06pw26sln2ti6plmn89wi7x17grftypx0zg6t7s2mtc1i7bht5kabfnu9bdmw8msb1e26hi3h29h1u2lh63vs5zelklyrry9gscd:latest/confusion_matrix_table.table.json"},"val_recall":0.9469066226155934,"test_accuracy":0.9571,"_timestamp":1.771156658793273e+09,"test_precision":0.9575286770792626,"_runtime":38,"train_loss":0.19141319749217187,"val_accuracy":0.9465,"_step":4,"val_precision":0.9475758513200585,"test_recall":0.9567333219089104,"val_loss":0.23966653027591303,"test_loss":0.1730343480463454,"val_f1":0.9464107116736047}