{"test_accuracy":0.9764,"val_f1":0.976959067157545,"val_recall":0.9769180668047863,"val_precision":0.9771186212463535,"val_loss":0.11636847041955914,"test_f1":0.9762023989122934,"_timestamp":1.772841608119019e+09,"test_loss":0.08436149653748516,"_wandb":{"runtime":61},"_step":8,"test_precision":0.9765262917323181,"confusion_matrix_table":{"nrows":100,"_type":"table-file","size":1789,"log_mode":"IMMUTABLE","artifact_path":"wandb-client-artifact://cj5bt1gsoxefx4dmeksqnrgum6jh5xlddwuogpqyd2yssupaucaah8v2q4brfb2xj4t7x9eeglh88ecjy9j8gjoi2bdbkkm3ladfobf5h0d42xzhxr3sp59qv9oo3f96/confusion_matrix_table.table.json","path":"media/table/confusion_matrix_table_8_d913c7b127a344d3c0d0.table.json","sha256":"d913c7b127a344d3c0d0e41920f1cedd7be4a46d6552c338ad8f24c2f9f263df","_latest_artifact_path":"wandb-client-artifact://rf0dvr91xknoxa066nze2kmsr059rswdac8pdzrdxa845nd87cvmwfdb92l94gljqa9i3p3cthm7u5mbj96p0j1htgj3atcda8yzzf6zjutntcrr49tufcrt583h8sug:latest/confusion_matrix_table.table.json","ncols":3},"val_accuracy":0.977,"_runtime":61,"epoch":8,"test_recall":0.9760233140551963,"train_loss":0.024231796746764192}