{"val_accuracy":0.9516666666666667,"confusion_matrix_table":{"size":1796,"_latest_artifact_path":"wandb-client-artifact://dj9ccpb93zzh9g8g3ud4yokj9dr3bxvhq79iyn77n5imctye68w9e64wy94cwgfn3v81fwm61zyyatbbkha38tmq7dp9d8dhs0sz6nfbejvjm7vwiqca6raj5ha89g9v:latest/confusion_matrix_table.table.json","path":"media/table/confusion_matrix_table_1_c3608f97fd23768a34ef.table.json","artifact_path":"wandb-client-artifact://nq9omi2la1q9qa76q4hq46bjqixpnwyhud5snzro7axrqtevjqff9exdmidva5tjnhdx9xhy2lnw1w879vc3kkkqcloxbfk3sp91v51je640dc1iu8z7bbnb7hwbz40x/confusion_matrix_table.table.json","sha256":"c3608f97fd23768a34ef0d38d2df82ef015e29564ef62870ccffbdc0568b80d6","log_mode":"IMMUTABLE","nrows":100,"ncols":3,"_type":"table-file"},"test_precision":0.9527094905294582,"val_recall":0.9515915864724244,"test_recall":0.9522083708387636,"test_accuracy":0.9525,"val_precision":0.9520988210522174,"val_f1":0.9512558843616569,"test_loss":0.1500748365862731,"_step":1,"epoch":1,"val_loss":0.15910647799956823,"_wandb":{"runtime":19},"_timestamp":1.7728275134210367e+09,"train_loss":0.2845602844390728,"_runtime":19,"test_f1":0.9518091504640267}