{"test_f1":0.975088862217554,"val_loss":0.08908639707290118,"_step":10,"test_accuracy":0.9753,"epoch":10,"test_precision":0.9751069351133654,"_wandb":{"runtime":120},"test_recall":0.9750925750877751,"test_loss":0.08158234418035852,"train_loss":0.030160864778244284,"_runtime":120,"val_f1":0.9747376449462852,"val_accuracy":0.9748333333333333,"val_recall":0.9746938015587816,"confusion_matrix_table":{"size":1788,"path":"media/table/confusion_matrix_table_10_0055be82f74999733407.table.json","ncols":3,"artifact_path":"wandb-client-artifact://6zoyvdb2ejpkufe5z7q7eh9uyqysrdtpnvtuj0emimmj25h1koixc2yk1cwv7bycqw61dvek8ovuk25dau1c7wkk7fmp0p4t1h7wtso0cilc27pmgyeyz26jmpwduejy/confusion_matrix_table.table.json","_latest_artifact_path":"wandb-client-artifact://4y6my2o7sctnrh76xpb17fkoykgzzqvnhu7kvseho9vfkgojuxiu7cqy1de74pnd1850h4blhoyapq7ya9luy4nrw6l1s4yfbzyhrnqx5f7aypqjfnnbs5wrc7zqw07i:latest/confusion_matrix_table.table.json","_type":"table-file","log_mode":"IMMUTABLE","sha256":"0055be82f749997334070a89bbdcad760265c007460840e99d47b1aea6069584","nrows":100},"val_precision":0.9748138310728407,"_timestamp":1.7711550162221797e+09}