{"_runtime":50,"train_loss":0.03226571368903813,"confusion_matrix_table":{"size":1788,"_latest_artifact_path":"wandb-client-artifact://fsgsyhpwklnbg91vgdgsv81tzc7wzesdwc6t9h6k36350y4w1ijzi9lo02cvkmnqcxtwqh6z2vi8njaa8vnf11y9a1o5o1dyld7w336z8idgng24pim44c79edcjop4t:latest/confusion_matrix_table.table.json","_type":"table-file","nrows":100,"ncols":3,"path":"media/table/confusion_matrix_table_7_d38b956afd5a62eccc8b.table.json","artifact_path":"wandb-client-artifact://rdqx4dwlbdzpjir8gfxri4pfmud5waqk6vqwpiaw03ofmmgr4fdfikbnfpechwaov3jxiht2pj1ji3hkau5uxkbuamlw0jw4e7p2uorsu0uhzcdumf6pgpoq3wmag97t/confusion_matrix_table.table.json","sha256":"d38b956afd5a62eccc8b28e8288e79210a9ecbd82c315ed315d454c9b27d2454","log_mode":"IMMUTABLE"},"epoch":7,"val_loss":0.12051683431714304,"test_precision":0.9766080530644075,"val_accuracy":0.9745,"_step":7,"val_f1":0.9743561208542786,"val_recall":0.9744977200088591,"test_loss":0.0855859933998625,"test_recall":0.976275775653202,"val_precision":0.974572475984728,"_timestamp":1.772838203946843e+09,"_wandb":{"runtime":50},"test_accuracy":0.9765,"test_f1":0.9763868160800179}