{"_timestamp":1.7711453818679516e+09,"confusion_matrix_table":{"_latest_artifact_path":"wandb-client-artifact://kwqn7z4i0y4z1vssyfiu4f8eifqv91xs2jlbmaj7ha0prl8hnwcpbl3d8qwfyoazeowltt5govokn5tnrkcr4ck5zbu7qius4gyknfk501oig73j1ktz8vz36o6cijci:latest/confusion_matrix_table.table.json","nrows":100,"artifact_path":"wandb-client-artifact://sk2l4iblf4652xszeduprcwhjrie7f26hob4z0v870a5m46t72rubylhfzs78ul81prf4zfw5z8w83250uft42cwbnjwongbtx1vdwgfz6tqs7p804a3r8uhz3ggaiak/confusion_matrix_table.table.json","size":1825,"_type":"table-file","path":"media/table/confusion_matrix_table_10_0ac1c5adf91ce1601da5.table.json","ncols":3,"log_mode":"IMMUTABLE","sha256":"0ac1c5adf91ce1601da595580a65c1acd739979fcd33ca9f2ae5767902e87e6e"},"test_recall":0.8820537858603845,"test_accuracy":0.8841,"epoch":10,"_step":10,"val_precision":0.8812528206133317,"test_f1":0.8820043577670426,"val_loss":0.43505561721680625,"_runtime":58,"val_recall":0.8815120531725398,"val_accuracy":0.8823333333333333,"val_f1":0.881072052787242,"train_loss":0.44760731905866363,"_wandb":{"runtime":58},"test_precision":0.8825641140251491,"test_loss":0.4330196583456065}