{"train_loss":0.02449369746112011,"test_loss":0.07647134349087965,"test_precision":0.9774961956374344,"val_precision":0.9760639488425629,"val_f1":0.9759327555661972,"test_recall":0.9773435782414607,"_step":10,"val_loss":0.08931813329608186,"_runtime":93,"val_recall":0.9758471875680618,"_wandb":{"runtime":93},"epoch":10,"confusion_matrix_table":{"ncols":3,"_latest_artifact_path":"wandb-client-artifact://qry6en65gufwwifh55anzjliqo317rr1wzpm369tekzmt0qoivphj56bl7ajxfztzb70jc12qnsz6ilqp98fjbamzkxujjyqyipa5qiujgf77ih7y93cpfbp8q5xnl5d:latest/confusion_matrix_table.table.json","path":"media/table/confusion_matrix_table_10_11c73382c5534cee0741.table.json","nrows":100,"size":1789,"artifact_path":"wandb-client-artifact://kh801colwj28n52pj1i89biq2xqj7fzbc1ij26cmjjwsw238eq1wbrjo9t2v435rsvx0t4frkfmfgjj9wszazzo2nj3omkpfvogig66499m0eszqd1ubt61kkdx6vewz/confusion_matrix_table.table.json","_type":"table-file","log_mode":"IMMUTABLE","sha256":"11c73382c5534cee074194f48957809808509f01bafb245a3bc05f0dfcff5a9e"},"test_accuracy":0.9775,"val_accuracy":0.976,"_timestamp":1.771147365103794e+09,"test_f1":0.9773925612772054}