{"train_loss":0.4540621614417859,"test_recall":0.8808362862263973,"val_recall":0.8803530954534476,"val_precision":0.8804541048626673,"_runtime":49,"epoch":10,"_step":10,"test_accuracy":0.8827,"confusion_matrix_table":{"artifact_path":"wandb-client-artifact://jzgv8f66g5hz2c61kcyo2t0s1csbj2hokux6no9i81rybdieyps476tr81k0e9jtd5yxn4l6mdr5r69ue650m301kfiedr66zov6f4uio9bdsbq84csbn1no9nzk5cik/confusion_matrix_table.table.json","size":1824,"log_mode":"IMMUTABLE","nrows":100,"_type":"table-file","_latest_artifact_path":"wandb-client-artifact://4jtvyitugzzqnmoaq5cokeyovsnhpk92abvddwh1mi9w0edeacbyyakn5wzjipnsqgf40dvxbbgyewtvt4e3ipn39pzh84eedh1hdb8wu0rwc9msxvbule95vuu4gftz:latest/confusion_matrix_table.table.json","ncols":3,"path":"media/table/confusion_matrix_table_10_787bcc4ff255ef396cfd.table.json","sha256":"787bcc4ff255ef396cfd02d47d4fef18e5dca6fdeb3e7f83b9aa2e7e689dd468"},"test_f1":0.8806462294859256,"_wandb":{"runtime":49},"val_f1":0.879949104920024,"val_accuracy":0.8811666666666667,"test_precision":0.8811512907354248,"test_loss":0.4416624800581692,"_timestamp":1.7711569476575127e+09,"val_loss":0.4439620138800751}