{"epoch":10,"_timestamp":1.7711456342011979e+09,"_wandb":{"runtime":84},"val_precision":0.976013309019933,"test_f1":0.9753698605458772,"val_f1":0.9758080760900938,"_step":10,"test_precision":0.9756057039289152,"test_recall":0.9752914487323474,"test_loss":0.0803356462052263,"_runtime":84,"val_recall":0.9757188037882869,"test_accuracy":0.9756,"confusion_matrix_table":{"_latest_artifact_path":"wandb-client-artifact://75vr8jmu0j8u3h201w7i49rt93t6f6a1cupy8el4q8tl80cxew9g0z2lvscsjhpdvy8zf0rk5o0fai23lrxbpey0s9vzdpbzurfe3fal01b6plxa78ab1o7incxizjol:latest/confusion_matrix_table.table.json","sha256":"18e279d27386e0e8eecf398370dc81bcdea1b8f1f90fa8215930bfe1b5da83de","size":1787,"ncols":3,"nrows":100,"_type":"table-file","artifact_path":"wandb-client-artifact://gif3wpcnse77xg3g8lghrwlrlzrsicfq6s1f3of4qqdop14d7938sqhbcc9qg4ilprt5ttud3dh00z9t4p15h8ktdjqzmoeuogybkwnabt3dz0gtxrznc4kw1oxuvyc1/confusion_matrix_table.table.json","path":"media/table/confusion_matrix_table_10_18e279d27386e0e8eecf.table.json","log_mode":"IMMUTABLE"},"val_accuracy":0.9758333333333333,"val_loss":0.0907428824388993,"train_loss":0.026078605662840874}