{"_runtime":52,"test_accuracy":0.8534,"confusion_matrix_table":{"artifact_path":"wandb-client-artifact://oeisimtxrp3siguog5ff6jjgx69lj6ssviu1cutta0lytc5iaibdxitmhsk99jxceb1zz8hjpc50zwjqto4yhsefakqc1c1glbaeltnqdis9n7g9gpg3tfo0flw7nozp/confusion_matrix_table.table.json","nrows":100,"log_mode":"IMMUTABLE","_latest_artifact_path":"wandb-client-artifact://ddnackwtz8hbqpg7kv7ntgjt7njyrp3ahljcd82hvegl9vw34oq5m2p4hfilhu637g4d8t7e0t7u5kei1vjv0ggagrhgu1iz0rezxccj0ujt66mokkuqkngsaq03rq34:latest/confusion_matrix_table.table.json","_type":"table-file","sha256":"d39cb95fc34fde65d9d28259bb63894886df71fa29be42524d1731a50e04b91e","path":"media/table/confusion_matrix_table_10_d39cb95fc34fde65d9d2.table.json","size":1833,"ncols":3},"test_f1":0.8505698114028315,"_step":10,"_timestamp":1.7711553107866228e+09,"train_loss":0.6483416034091888,"test_loss":0.6310703932820517,"test_precision":0.8520518762637259,"epoch":10,"val_f1":0.8536636106873505,"val_precision":0.8548551862201152,"test_recall":0.850748699328131,"val_recall":0.8542654649271864,"val_loss":0.6283937848258851,"val_accuracy":0.8555,"_wandb":{"runtime":52}}