{"train_loss":0.10438093027757372,"_timestamp":1.7711554644576144e+09,"test_accuracy":0.9651,"val_accuracy":0.9625,"test_precision":0.9650104103796922,"_wandb":{"runtime":64},"_runtime":64,"test_f1":0.9648934028750563,"val_recall":0.9624979507162523,"epoch":10,"_step":10,"test_recall":0.9649953621586691,"val_precision":0.9624610915080061,"test_loss":0.12753646549803105,"val_f1":0.962334244635328,"confusion_matrix_table":{"artifact_path":"wandb-client-artifact://madqzurd94tpfwqft3hli9dxe8kvxawy4odm86wa4qq901a74t6ix98zz0yuzng4krhv3qvxhe8in0kzt7ntq346vqlyqk7tccigqldv17nj2lm0xit8fey7mcsn29i0/confusion_matrix_table.table.json","_type":"table-file","sha256":"f118c06fb5b4a9eb3214f941da53fef76fd461f3821f11e57c824bccc0f03c89","log_mode":"IMMUTABLE","nrows":100,"size":1796,"ncols":3,"_latest_artifact_path":"wandb-client-artifact://fqszx70xw5rjh24284fgf6nmjay0pr32id9aw3x0taxn7oesvm5akaax3lv1h6vovai2zqhrp5efiveijxr018uyzs32eulmougq8b1mbahbwc8fgrog1t8vbzzw70tc:latest/confusion_matrix_table.table.json","path":"media/table/confusion_matrix_table_10_f118c06fb5b4a9eb3214.table.json"},"val_loss":0.13680538967356204}