{"test_accuracy":0.9749,"_timestamp":1.7711459872278318e+09,"epoch":10,"test_f1":0.9747619291364747,"val_accuracy":0.9761666666666666,"_wandb":{"runtime":66},"val_f1":0.9759433206009053,"test_precision":0.9750314530126628,"_runtime":66,"_step":10,"train_loss":0.03317440558398194,"val_loss":0.09171294464624445,"confusion_matrix_table":{"log_mode":"IMMUTABLE","path":"media/table/confusion_matrix_table_10_3332ccb18604a7c20e88.table.json","_type":"table-file","_latest_artifact_path":"wandb-client-artifact://tt30b7kdioq7pkx6r1cxx4uk7qi57lbzxjjbgrxc0pbgdqvjzimp3l3jx3g1i5f4ao22ja70y69oz3ulbomyq961hrisn10ldfkfl71u6oizp82a43yq5b2ac7ufvlyv:latest/confusion_matrix_table.table.json","ncols":3,"artifact_path":"wandb-client-artifact://3rd3f7e72f67o4btjv10aqezi8fcqs8uieuh8r6c6yurd2sfshu1o8e7nt3rvs3ps1bx9hlpfkoedkdfbp43r3rmupdf9k75gulx1zvxcd4466yhadqfcmzmjmxemkn6/confusion_matrix_table.table.json","size":1787,"nrows":100,"sha256":"3332ccb18604a7c20e88730acf7223aab71fb927707d45ed539b2297b50f274e"},"val_precision":0.9759889182208956,"test_loss":0.0885862306420741,"test_recall":0.9746659352414918,"val_recall":0.9760047158348953}