{"val_f1":0.9604138545810308,"val_accuracy":0.9606666666666667,"val_precision":0.9612686325400276,"val_loss":0.16952203950800132,"confusion_matrix_table":{"_latest_artifact_path":"wandb-client-artifact://cscm0raimgrs915juf33o1zri4v81xdwg4kkkvejwgjc9ajp2a4icsh1nhkp690pulep4o5wjrb5mtu9g3ozs2hau44s9acho1oia0i5ydams48fpl8323c93py1rn8j:latest/confusion_matrix_table.table.json","sha256":"bbe02ec86b194da7892708abef8fcaa172bdfed96e52b8b75f0bb766148ae84d","ncols":3,"nrows":100,"log_mode":"IMMUTABLE","path":"media/table/confusion_matrix_table_5_bbe02ec86b194da78927.table.json","artifact_path":"wandb-client-artifact://cjazc0ducnoah818snvcoeh19f1t94r30py1nyh21uaw9ieb02qlnbu8rl0lchya9zk48u5bozhzeitkqdymq38m3girxexws2kcy5ga75fxg13ojch1a2klktslyvi5/confusion_matrix_table.table.json","_type":"table-file","size":1791},"_step":5,"val_recall":0.9602815289414556,"_wandb":{"runtime":56},"_runtime":56,"test_precision":0.9639695515859925,"test_recall":0.9643897783370144,"epoch":5,"test_accuracy":0.9645,"test_f1":0.9640921506244344,"_timestamp":1.7711471794025414e+09,"test_loss":0.13707690077847992,"train_loss":0.11136837351789541}