{"train_loss":0.13459379409768718,"val_precision":0.9564099973982391,"_timestamp":1.7711468016007435e+09,"test_loss":0.15473081134082226,"test_accuracy":0.952,"confusion_matrix_table":{"_latest_artifact_path":"wandb-client-artifact://pmktxch1ytzbamkeixbhgmf72syb5a9w06swic8a8a5av9909ejyntdfgvvjxcvmhrmufum1fzja31r9qd73f2227sus39o6lvqjvs4wmlsdjugzzgw61vle65il9j8c:latest/confusion_matrix_table.table.json","path":"media/table/confusion_matrix_table_3_f85a68385ee66b7dadd6.table.json","ncols":3,"size":1798,"sha256":"f85a68385ee66b7dadd600cf85ad4980923fffc55c7211487e63a08afda2b9b0","log_mode":"IMMUTABLE","nrows":100,"artifact_path":"wandb-client-artifact://b9hoovmia2lqdzurfxetx1fuhld3j6sbv32x4xzvliay1iqx63zyokracj1pqiosn6mxiezeu7j1hkjnwzky4ihqvxw53cdvucmsyxxm64vqismldpznqsuyk7wrzf5p/confusion_matrix_table.table.json","_type":"table-file"},"_wandb":{"runtime":40},"val_accuracy":0.9561666666666667,"test_precision":0.9522560948758594,"val_recall":0.9560014147183249,"val_f1":0.9559245496200299,"test_recall":0.9518179540416242,"epoch":3,"_step":3,"_runtime":40,"val_loss":0.18060176147173926,"test_f1":0.9514891676475103}