{"val_accuracy":0.9731666666666666,"test_f1":0.9763302629633948,"val_precision":0.9739695237480875,"val_recall":0.9730918273974776,"test_accuracy":0.9765,"train_loss":0.02365702062937724,"_wandb":{"runtime":59},"test_recall":0.9762474569514733,"_step":8,"val_loss":0.1171869990070222,"_timestamp":1.7728312057131712e+09,"test_loss":0.0816712349849388,"val_f1":0.9733208454856517,"confusion_matrix_table":{"_latest_artifact_path":"wandb-client-artifact://qyvlipk3xc73gtjk0a7caw2jkxkvxa0q91llljxqc3aec6alkuvja5rs6yt2p1yp8g8lak7d0b1k9e69klajsn3rvb769g53inq7270m2xth0zaxe6niqqvsk7ioapwl:latest/confusion_matrix_table.table.json","sha256":"2dd0e1beca1556aae94e35f614f34b522a6e7e12fc1950b7c8408e26e416361e","nrows":100,"size":1787,"path":"media/table/confusion_matrix_table_8_2dd0e1beca1556aae94e.table.json","ncols":3,"_type":"table-file","artifact_path":"wandb-client-artifact://4bqsp6xe9l7kaxssb3o5t2lmltmizuk0yp1ncu2fnttwyi1hf2w2r3u2u9jt5qmb30oqlmm7pk1e6a8a3dr8jpnoygfyo5udaxx4hqltw45xnyszf07n3ea6ooyjall5/confusion_matrix_table.table.json","log_mode":"IMMUTABLE"},"test_precision":0.9764898090743618,"_runtime":59,"epoch":8}