{"test_loss":0.08294566991034992,"test_precision":0.9775645347994454,"_wandb":{"runtime":82},"val_f1":0.9740258894398183,"confusion_matrix_table":{"size":1786,"sha256":"61496dc2f2c76d32201d4b8ddbf7b5aa59f4df88200e7c228a07cd964bf090c9","_latest_artifact_path":"wandb-client-artifact://7s8sar0gt8kiqiws5t4ay6nrhcnq1wqjpbaeytnb7gwc2olayksar887lifevsshxpd76nfuphv99m3qpz5jnatk0uifn7zomxo9wrx4w6s81xfl6fm00jsbk4frtmas:latest/confusion_matrix_table.table.json","path":"media/table/confusion_matrix_table_9_61496dc2f2c76d32201d.table.json","artifact_path":"wandb-client-artifact://7i2w42u2zmk5evjtds5wiv9968ck9nfkya75ceo07ap3ws091qn57z2zl1tefi45ih4206ygtkqd7g2j0q2ulgxpnr7fjv6c3m6nuk5hpyqxai5wzd16qu6m9gbkrzby/confusion_matrix_table.table.json","log_mode":"IMMUTABLE","_type":"table-file","ncols":3,"nrows":100},"_step":9,"test_recall":0.9772525236892899,"epoch":9,"_timestamp":1.771145306834245e+09,"val_recall":0.9741297427443266,"test_accuracy":0.9775,"val_precision":0.9740679468456142,"_runtime":82,"val_loss":0.09576812505330952,"test_f1":0.9773773247278816,"val_accuracy":0.974,"train_loss":0.025587507533195813}