{"_step":10,"val_accuracy":0.8328333333333333,"test_accuracy":0.8314,"confusion_matrix_table":{"ncols":3,"_latest_artifact_path":"wandb-client-artifact://ifs06yfkvsxos4ss37v576kywe0iqx38b0zy8avg6xe55c4i2rvlcmcwn6aeo8dl7jmj5g20o02j41skw5s1pynuat8bmbbfwlol3mv7y7d6eoxtbz31tc09d0l830y4:latest/confusion_matrix_table.table.json","log_mode":"IMMUTABLE","path":"media/table/confusion_matrix_table_10_0027353424394a0e1cd7.table.json","size":1836,"nrows":100,"_type":"table-file","sha256":"0027353424394a0e1cd7fccb20c668ae7672849b1618c5c9d09f10419aff5910","artifact_path":"wandb-client-artifact://5yjlf73yvmjz8wjhyo1yjahc6htss37tlsiydflfjcqwoyqh6evpaaomwgf7h64x9ildg4fktahacxf11gvhxuyuygehlwc7ip5ylto396iogqf3ep8iy5zd7xdbexot/confusion_matrix_table.table.json"},"val_f1":0.8294027301065245,"test_f1":0.826520069551887,"test_loss":0.7390735753080566,"test_precision":0.8318082263989574,"train_loss":0.7628374942448126,"epoch":10,"val_precision":0.8340139812497345,"_wandb":{"runtime":46},"_timestamp":1.7711580714774358e+09,"_runtime":46,"val_loss":0.7383963228502136,"test_recall":0.8273918143535081,"val_recall":0.8308616338536272}