{"test_f1":0.9327132406294508,"_timestamp":1.7711442422851903e+09,"test_loss":0.22510151838314732,"test_recall":0.93278229323643,"val_loss":0.22980930833089247,"val_precision":0.9328423492207767,"test_precision":0.9328594677823856,"_runtime":38,"_wandb":{"runtime":38},"val_f1":0.9325081089263156,"confusion_matrix_table":{"ncols":3,"sha256":"c2e8480a0096cefa306a80cd65b62a22eb44b622cfacac0deef7e587eee82083","size":1809,"nrows":100,"_latest_artifact_path":"wandb-client-artifact://5fe3d658soz75ky11sswl1u7nqxuoin1z620t5nuoik5a8tr0bgg7ug3cww8r4i2xgllw039qu1kt01uykhj5rt7h7q0acihy2xlpdgcylwpgesk6b7sycbw3570vpom:latest/confusion_matrix_table.table.json","_type":"table-file","artifact_path":"wandb-client-artifact://fgxr3107666ojbnjikebhkp5ipl6bcpwh2luw2v0h54neywj14z0iyl43avwbplgtseo1bv035yor385wg5fenvco1o19xh5eauwymjd47d5691sc09cypzgwwrfy4o8/confusion_matrix_table.table.json","path":"media/table/confusion_matrix_table_10_c2e8480a0096cefa306a.table.json","log_mode":"IMMUTABLE"},"epoch":10,"val_accuracy":0.933,"_step":10,"val_recall":0.9325314876206814,"test_accuracy":0.9335,"train_loss":0.22141843027732333}