{"test_accuracy":0.8819,"test_f1":0.8800237546494939,"train_loss":0.4433911464134047,"confusion_matrix_table":{"ncols":3,"nrows":100,"path":"media/table/confusion_matrix_table_10_62595ae8751ed0eb63b9.table.json","_latest_artifact_path":"wandb-client-artifact://4j22s1x8owvhwgdvmhwmgiwvc8bl377s8bchvd9m8gs93sqicphmkp85gqtqaslgsp9s16v49yz5rt1897wo10uhft584agr9mejnk9rkhzjutkd14qob3u892ti79lv:latest/confusion_matrix_table.table.json","size":1830,"_type":"table-file","artifact_path":"wandb-client-artifact://f251h2euyw994z3gj8vhbprp6no2cvurmxna1vtdtwm7q4125saumr63oo00iajk0rwzlhzn1010ea02xmti4i03lv20yt94z88sygajy1fh2p073dyhwvsyalvbpvnm/confusion_matrix_table.table.json","log_mode":"IMMUTABLE","sha256":"62595ae8751ed0eb63b9afb2840835b7bc421ae868e65bce0b65359d05727e73"},"epoch":10,"val_recall":0.885183887381712,"val_loss":0.4327903744201952,"_timestamp":1.7711457005549266e+09,"val_f1":0.8849887975451891,"test_precision":0.8808180753271554,"_wandb":{"runtime":48},"test_recall":0.8799623245672695,"test_loss":0.4334078258419554,"_step":10,"val_precision":0.8853320906542379,"_runtime":48,"val_accuracy":0.886}