{"test_loss":0.22797205335250256,"_step":10,"_runtime":38,"val_loss":0.2340521102559237,"val_accuracy":0.934,"test_precision":0.9332515612379628,"val_f1":0.9335716174154358,"val_precision":0.9336007316440303,"_timestamp":1.7711463326013074e+09,"epoch":10,"confusion_matrix_table":{"_latest_artifact_path":"wandb-client-artifact://gz4kg0wsup6uytgbjx61duo4xpu2e44ishyx6u44c40rvujw94d7tkogpnsq8ypw9gga4xmem472kg55kf72o440js0mr1105k7hrojxdc2aazg0je2uj5jgt80rgc2t:latest/confusion_matrix_table.table.json","sha256":"e398c18775e4263714de712796f1fd39afd4fd7857f6b0fb11badb64195c84f8","log_mode":"IMMUTABLE","ncols":3,"_type":"table-file","artifact_path":"wandb-client-artifact://7wim7von5oa6gdwzkcnhzlxls93rzrfbysinv76tas7r2mpmgklf09a8yw8rwyi4my7929jxxs0op1lxk5wdm0ojqaw95j17rinx92c7rwjw8v8unlducxu37kel9lq8/confusion_matrix_table.table.json","size":1807,"path":"media/table/confusion_matrix_table_10_e398c18775e4263714de.table.json","nrows":100},"_wandb":{"runtime":38},"test_accuracy":0.9338,"test_f1":0.9329815525876672,"train_loss":0.22623430612231346,"val_recall":0.9336465600115341,"test_recall":0.9329025018172095}