{"_runtime":62,"val_f1":0.8392281841805396,"val_accuracy":0.8416666666666667,"_wandb":{"runtime":62},"val_recall":0.8399713412623353,"test_f1":0.8433508543773376,"_timestamp":1.7711590355349941e+09,"train_loss":0.6580114965912115,"test_loss":0.6382819378769613,"epoch":10,"test_accuracy":0.8468,"_step":10,"test_recall":0.8437355835243476,"confusion_matrix_table":{"nrows":100,"path":"media/table/confusion_matrix_table_10_df9d7b20706c8a2ec27e.table.json","_type":"table-file","ncols":3,"sha256":"df9d7b20706c8a2ec27ecd857366090f54f7882541b491e83ca7796badf6c8e3","artifact_path":"wandb-client-artifact://scxp5z391rqp7uv6i0z8w2azz5qlkkqfc1az6al5lpgbhaxeyqun2688w9rldf209c2iysqsdmfu2qu4etwzj8gh6445owkeskoqiaa40po5hi39b9ase05r5h1ubi6h/confusion_matrix_table.table.json","log_mode":"IMMUTABLE","_latest_artifact_path":"wandb-client-artifact://uca5h31z4dvxr8jjrwjobpscb4zef8kt9pbt2udduift60c0pkmsbh7fuamaj5cm02cgou9vfujlrj4b4v635bp1ogtbb2ptsodpc472zdw2smtivnd79rqnq5lerk27:latest/confusion_matrix_table.table.json","size":1832},"val_loss":0.6440905813693198,"val_precision":0.8416600520877502,"test_precision":0.8459045220711842}