{"val_precision":0.9764985178248162,"test_precision":0.9771271039377382,"val_loss":0.0974534429133538,"_wandb":{"runtime":65},"_runtime":65,"val_accuracy":0.9763333333333334,"test_loss":0.07930205684513607,"test_recall":0.976821599227217,"test_accuracy":0.9771,"confusion_matrix_table":{"path":"media/table/confusion_matrix_table_10_2d4030f2870204ff257e.table.json","artifact_path":"wandb-client-artifact://49uk0wo2wx09afnxjrffom2jvz3nr1yuhjovnpv0jcx3jczujmuwrz94zua684h1y2tka9uklxigse82kduoik9x6klxgfyss1rdt5o50fueafdb3nop82yb4qyv1l9d/confusion_matrix_table.table.json","nrows":100,"size":1788,"_type":"table-file","log_mode":"IMMUTABLE","_latest_artifact_path":"wandb-client-artifact://pljqyi3m4kic4y4nfl4awpmhc8jgf0u6heudtn403jvjearjexrpbmh3ttz5sjvy2rlb6scu12228mwd3de21eoamvomaf2uvxfebeg65bd8ghlothcel0r7yk205zsr:latest/confusion_matrix_table.table.json","sha256":"2d4030f2870204ff257e839028ae899e08292453bf961bf0e5850dbb7236effc","ncols":3},"train_loss":0.03237795839445,"_step":10,"val_recall":0.9763893201939625,"val_f1":0.976397475936871,"_timestamp":1.7711471084539819e+09,"test_f1":0.9769151306387764,"epoch":10}