{"val_recall":0.9727171494239908,"test_f1":0.974890108645574,"confusion_matrix_table":{"nrows":100,"_latest_artifact_path":"wandb-client-artifact://c50izn0ehjxu6573ebgsag7lcf52vuxq57eto9b1gc9f7w1hiftcvhjb87qvvg5c0w9dscwnce6ei327jvfamdj92xt5qotko22dv2o5a87n9ghe0n474ei7x1sgzpn1:latest/confusion_matrix_table.table.json","log_mode":"IMMUTABLE","_type":"table-file","size":1788,"sha256":"283065efb3967725229f8bd63d9d243e283ee766b954d927df0a5835b6ef46e3","path":"media/table/confusion_matrix_table_10_283065efb3967725229f.table.json","artifact_path":"wandb-client-artifact://ywec6szdcdgg997xquzmtu7eenzlsfhysg1521llbwun4i5tisk6wnsyaqiz4vjrb2ebaofz3y2ot7kl4f1op82c0m2p7z3m25t8psakxn22dgrsqp4tgqbawpyffyl3/confusion_matrix_table.table.json","ncols":3},"train_loss":0.034313835837435594,"test_precision":0.9750251225780598,"val_accuracy":0.9726666666666667,"epoch":10,"test_accuracy":0.9751,"val_f1":0.972661086729867,"val_precision":0.9727723407709696,"_wandb":{"runtime":85},"val_loss":0.09448416592860334,"test_loss":0.0868703136794968,"_step":10,"test_recall":0.9748925293162832,"_timestamp":1.7711570652361798e+09,"_runtime":85}