{"val_f1":0.9765862241218477,"test_precision":0.9755756733143232,"_runtime":80,"test_loss":0.08223021215002344,"test_accuracy":0.9754,"test_recall":0.9751384112780904,"val_accuracy":0.9766666666666667,"_step":9,"val_precision":0.9768306762395701,"val_recall":0.9764370818386441,"_wandb":{"runtime":80},"val_loss":0.08908540976861776,"confusion_matrix_table":{"log_mode":"IMMUTABLE","_latest_artifact_path":"wandb-client-artifact://2ncohvddssk2x172c3aij7qjg7pro5dmqx5ky9xierg8h32zp37ksi9x9ftg70v34qmid5bsfjckz1w3g1qgmcme3ben55045pbsxxdwb1tvr4em7f76ci3o60baswyc:latest/confusion_matrix_table.table.json","path":"media/table/confusion_matrix_table_9_6c3763a1524310c0ee37.table.json","ncols":3,"artifact_path":"wandb-client-artifact://ucn8saw3xb5algyolj40p6nf7mif2ppct8uchh4wxfa9m9y0bobdreqiejf0g66m09jukqt6n5wp0seksjyvgkgij3bs1rjc85520adav8b9j4qvcw6hzk4dcsegyvpl/confusion_matrix_table.table.json","_type":"table-file","size":1789,"sha256":"6c3763a1524310c0ee377e3927fdf6374b090bb9b64801d71e1e14889ae0fb37","nrows":100},"test_f1":0.9752505915596832,"train_loss":0.025035025572749933,"epoch":9,"_timestamp":1.7711566037715783e+09}