{"test_loss":0.19641210938063108,"val_precision":0.9389405566696725,"test_precision":0.9437472947309191,"test_f1":0.9416538754855097,"epoch":3,"_timestamp":1.7711470005525444e+09,"val_f1":0.9345423283301969,"test_recall":0.9412683674895336,"_step":3,"_wandb":{"runtime":43},"val_recall":0.9337983139424992,"train_loss":0.18334975462896919,"_runtime":43,"val_loss":0.23230031776423793,"test_accuracy":0.9421,"val_accuracy":0.9351666666666667,"confusion_matrix_table":{"log_mode":"IMMUTABLE","nrows":100,"path":"media/table/confusion_matrix_table_3_d9964eb8926427a22c7e.table.json","sha256":"d9964eb8926427a22c7e21c82da50139e13a7020fefb49c16e32a19508495481","_latest_artifact_path":"wandb-client-artifact://ezdsqhn4h0twa4cop0vwen0i9ed61qmbcpr5wycal4a0lz9k11hh3kkh48hqg1yho6f1dxm5kowz55bqi63o8a8b5n27l02vozdpvkfli7drbez3p1xuw240ctfdq6c5:latest/confusion_matrix_table.table.json","ncols":3,"_type":"table-file","size":1803,"artifact_path":"wandb-client-artifact://o77ihv5v080j0p6mf7d7mt96ir65cxsw9k4qbj4mm4iiguwmn1rvf9utmfn0zyh9cy0ploy7upjht1n6sljog6m4dh2lle2qej3bfc38e7zw6wtme0ygmz728vifseov/confusion_matrix_table.table.json"}}