{"test_recall":0.9725885003704864,"test_loss":0.09393594462953928,"_timestamp":1.7711548182904844e+09,"confusion_matrix_table":{"sha256":"769c7892b893f3ae41d8d389477cdeca3ab810cdfce851af2ccf8a84ffdf0268","log_mode":"IMMUTABLE","nrows":100,"_type":"table-file","path":"media/table/confusion_matrix_table_10_769c7892b893f3ae41d8.table.json","ncols":3,"size":1787,"_latest_artifact_path":"wandb-client-artifact://lrq2gxyny1ixpilu1vcyzg9zbwqfb44jx9re81v8pqtuwk557dn50nehfjm3yjze8bupuy9mzppr62ybaauk1l8nw5b395dzblrn86ku70sra3l6nwovjfzvhu2omupg:latest/confusion_matrix_table.table.json","artifact_path":"wandb-client-artifact://l6tx95x4r6osqlu9y0xxmrva80mo2u2ouqeexgy5oenfasdcz4h6bfg5zxev8gumybsme0lrczat60oy2hcn5is4bxsnikkgl1py18p393srkr8ed5ui1izpl3j6kvip/confusion_matrix_table.table.json"},"_runtime":45,"_step":10,"val_precision":0.9736941470112012,"test_f1":0.9726839401055715,"_wandb":{"runtime":45},"val_loss":0.10240062928570827,"test_precision":0.9728188814762568,"val_accuracy":0.9731666666666666,"val_f1":0.9732935007712635,"test_accuracy":0.9729,"epoch":10,"train_loss":0.026440513019009963,"val_recall":0.9729996757575418}