{"val_accuracy":0.9741666666666666,"_timestamp":1.77115845206451e+09,"test_recall":0.976619979189889,"epoch":10,"confusion_matrix_table":{"nrows":100,"ncols":3,"sha256":"39790036145e5e21c65cd6cb68864b8168ddd244aafe4b185c8134ba4d9b4ef6","size":1786,"path":"media/table/confusion_matrix_table_10_39790036145e5e21c65c.table.json","_type":"table-file","_latest_artifact_path":"wandb-client-artifact://tbvp7c0la4qu5dmau2qhhyx3owudtj6w02k3x461i8oxlrf42nhab5sdiw9f3ovk2fg8r7g3vs5i0wlfoybo8t3hqygno4dnzqt76f39gj4b1keku0dtdb3uk2vmsznu:latest/confusion_matrix_table.table.json","log_mode":"IMMUTABLE","artifact_path":"wandb-client-artifact://3cicjaavl8fbwd1dvlutwnx2m4j757nbf8f8ph122v6f6l822h2ezya1so2cbxl1wq2ibosjwiy011mj4d7e5ynm5xravtsuctciakvbw8xtzv6zuc9vp6tndrj4hsa4/confusion_matrix_table.table.json"},"_wandb":{"runtime":69},"train_loss":0.03561568956399624,"_runtime":69,"_step":10,"val_f1":0.9741543687767633,"val_loss":0.09238514007983069,"test_loss":0.07978948486106606,"val_recall":0.9739188233486182,"val_precision":0.9746938766234041,"test_accuracy":0.9769,"test_precision":0.9768636673684588,"test_f1":0.9767082989738884}