{"test_recall":0.971741646635256,"val_accuracy":0.9693333333333334,"confusion_matrix_table":{"size":1789,"sha256":"4a42bfd075ac35454568c752adeecc166d1328062d71179abf7cc3dc24fa5e15","ncols":3,"_latest_artifact_path":"wandb-client-artifact://bhaospujn5tmdl4eox7d8iovug2wbamy5cvr9bliiyfff60juwwdb62yv52s7fx7rl7j9hd7qupdh0xga16dze9uetoi31zjri9t1yvq6fjmjfuihw7ryf09s8fuyent:latest/confusion_matrix_table.table.json","path":"media/table/confusion_matrix_table_10_4a42bfd075ac35454568.table.json","nrows":100,"log_mode":"IMMUTABLE","artifact_path":"wandb-client-artifact://kqcwa3vrri6jjjndujlm73u4gsfyo5pbvvgsgnl0zkfsnqz3p4h3stdl9evctxge91jjy3fmfe0iqpg00wkr6qt2kyemw5tkilw7sl7wmx96oc6xn1e3jqqk5q0zrdmg/confusion_matrix_table.table.json","_type":"table-file"},"test_precision":0.9722543545951945,"val_loss":0.10317087726129226,"_wandb":{"runtime":99},"_timestamp":1.771154028952155e+09,"train_loss":0.03674602865402505,"_runtime":99,"test_accuracy":0.9722,"test_f1":0.9719559156586908,"val_f1":0.9692802308349293,"val_precision":0.9696138177501801,"test_loss":0.09342912480778945,"_step":10,"epoch":10,"val_recall":0.969041458332027}