{"test_f1":0.9710803190874981,"train_loss":0.029279465585081037,"val_accuracy":0.9711666666666666,"val_loss":0.11171245308712335,"_timestamp":1.7711474327046525e+09,"val_f1":0.970997180570636,"epoch":9,"test_recall":0.9710460562983471,"test_loss":0.0972566595142129,"confusion_matrix_table":{"log_mode":"IMMUTABLE","size":1789,"artifact_path":"wandb-client-artifact://d4a0fa7sdyf6khmmj1s5aol1sqwsig4hskg5uqgvyyxx3aswz5t4fe84mevsdjni0i3763mu4zx2xynm9s4j1662j2i508ipbygizyc0zvuud1wo7fkeglm4ufuyqf2x/confusion_matrix_table.table.json","path":"media/table/confusion_matrix_table_9_d7d06b3c7c69fbcdf5c5.table.json","ncols":3,"nrows":100,"_latest_artifact_path":"wandb-client-artifact://v1kamdxgm4dzwlohmf93yu5qa9obvdwzd9qtijcehqx1p0mcuzjqxbm4eg934g0x927lzi315r65sc3ayybx1enw7k0iva2ai2f4clegoynqjqcb5k2zdo8fsvjot26k:latest/confusion_matrix_table.table.json","sha256":"d7d06b3c7c69fbcdf5c58d01ca386104bd44b7cec9fbcca96c9a32e3595f1a4f","_type":"table-file"},"test_accuracy":0.9714,"_runtime":42,"test_precision":0.9712916381850227,"_step":9,"_wandb":{"runtime":42},"val_recall":0.9711760101226652,"val_precision":0.9710145369015878}