{"epoch":10,"val_recall":0.8697204598588403,"confusion_matrix_table":{"size":1825,"_type":"table-file","ncols":3,"nrows":100,"sha256":"0b0e13210cded333f58682c5936c91ca63da6bf6a3329724ecd29da01d81b806","path":"media/table/confusion_matrix_table_10_0b0e13210cded333f586.table.json","artifact_path":"wandb-client-artifact://ae0xfayfny3gxlf1vq5i73buvdtdijmqlzkl3r423ji4fmdzew48iyk7honilbam89x8248sm1lc5o2wmatjqlmtv8e14qeoq77gdqs0ih8tutulbqg5i29u9a6p8t2r/confusion_matrix_table.table.json","_latest_artifact_path":"wandb-client-artifact://cqgl0k75xo9xzb3ry2eilgwpf90zg3bgsxk23vbt2whobezg4uj4msezypynx98i3pq7wevbktzep4e1ajkkbtwok10w3cubgrsak46506xyt2h2i95hrppbjas2z7wq:latest/confusion_matrix_table.table.json","log_mode":"IMMUTABLE"},"val_precision":0.8700587463027445,"_runtime":14,"test_precision":0.871656363355056,"val_loss":0.4818672792994868,"_wandb":{"runtime":14},"val_f1":0.869454811126517,"_step":10,"_timestamp":1.7711446530083592e+09,"test_recall":0.8703183347326157,"train_loss":0.4959408877337284,"test_loss":0.4788692768032186,"val_accuracy":0.8706666666666667,"test_f1":0.8704257658648148,"test_accuracy":0.8726}