{"test_precision":0.8824340510432276,"val_recall":0.8825126632031864,"epoch":10,"test_loss":0.4457824410110969,"val_accuracy":0.8831666666666667,"_wandb":{"runtime":54},"_runtime":54,"val_precision":0.8827138653871074,"confusion_matrix_table":{"size":1824,"ncols":3,"nrows":100,"artifact_path":"wandb-client-artifact://mnel560ozkzs6vu56zdoy00d8kacr7f60g1n4nkslq5mrrzd4rcoqnpj2nx6ic646ldqecpvmyqoqck0zc4tyeptj3qsniu8xgxq2soto5x8b2ipq8ey1y9aeksi0b27/confusion_matrix_table.table.json","path":"media/table/confusion_matrix_table_10_264ceb77a89c0c0b239d.table.json","_type":"table-file","log_mode":"IMMUTABLE","sha256":"264ceb77a89c0c0b239d5b4eb3bdabb7a9333862e46f91b68e1ba23d5af9c647","_latest_artifact_path":"wandb-client-artifact://gvxbi45bf9ucz96hp4iy1aou1l36bwc7ucv9v9jn5sggzdaa1eavubml3k3r4snnes2kya1kgr2yvijl6e4l3rwwm2g5w89hunm4ds8vsz4ks5prp52hxh5l4rwkcd8q:latest/confusion_matrix_table.table.json"},"val_loss":0.4455518537513563,"test_f1":0.8817238333266392,"test_recall":0.8818373469329996,"test_accuracy":0.8838,"train_loss":0.45536445495858524,"_step":10,"_timestamp":1.7711555357002327e+09,"val_f1":0.8821263753531741}