{"grad_neuron_4":0.043039258057679955,"test_accuracy":0.979,"test_f1":0.9787915528992401,"test_loss":0.07729045299904423,"test_recall":0.9787951208219994,"test_precision":0.9788275074670996,"_step":260,"_runtime":96,"confusion_matrix_table":{"_latest_artifact_path":"wandb-client-artifact://l2eftbllp148fagugfa87p0jk18fcil0vqon0hez3y8m9p3pqtkmevjj251okwdfxxp0iqjcdu0ng74ozy48d6vxq6i0h2iafvopvge42w9yvzkemblm2gy80hng3go2:latest/confusion_matrix_table.table.json","ncols":3,"path":"media/table/confusion_matrix_table_260_80e48b20c29c957a98ab.table.json","size":1786,"_type":"table-file","artifact_path":"wandb-client-artifact://aw9ydpkt0op6b3pydvyuw9bmg1pwr5mahh0o3llpirkhfr9jux4qclbi7uag8s4qs26uxmwhl9l78t09hlxgbahcz141i9gjrowzah4rnqp7ietf5x7108quv4vu839n/confusion_matrix_table.table.json","sha256":"80e48b20c29c957a98abbcc95c844758a25d80602dd165bf983fd9b981ba99ab","log_mode":"IMMUTABLE","nrows":100},"val_f1":0.9741048284065643,"val_loss":0.11110176796354362,"iteration":49,"val_precision":0.9745387105089346,"val_recall":0.9739396758298998,"grad_neuron_2":0.06611373385219105,"val_accuracy":0.974,"train_loss":0.01684567828033117,"grad_neuron_0":0.020991400397402226,"grad_neuron_1":0.13928547622577364,"grad_neuron_3":0.17077152290173508,"_wandb":{"runtime":96},"_timestamp":1.7728784469880884e+09,"epoch":10}