{"val_precision":0.881615568363945,"_step":10,"val_recall":0.8811596392485074,"_timestamp":1.7711458434533668e+09,"train_loss":0.48819552634635316,"test_precision":0.8782906228337495,"val_accuracy":0.8823333333333333,"val_loss":0.4718853601690909,"confusion_matrix_table":{"size":1825,"_type":"table-file","sha256":"2ee47b0a0c7c1615c89106763cfce27673e3659be6127ea6a12b2c12a6286347","log_mode":"IMMUTABLE","nrows":100,"ncols":3,"_latest_artifact_path":"wandb-client-artifact://imotienslirt6p3u4sx3wzs6k5vgmrdrqip3d8qd8pt2paoj28be50nn4o62usmjo6zuti7wjuins4rdnd2h8140ugr15vzq6sacy7erqk1nwjy5gk8unz1oy1zbh350:latest/confusion_matrix_table.table.json","path":"media/table/confusion_matrix_table_10_2ee47b0a0c7c1615c891.table.json","artifact_path":"wandb-client-artifact://4ubn7wum6im3d2h14jptvycjdl8i0oitgap53bb6723auvoraawbbkcbg99vroh849hcgqwyh2ynoe90uld5pj93cb28eab0ojzf6brdcc3jd7d0sjz3a0ljrtvlm7cn/confusion_matrix_table.table.json"},"epoch":10,"_wandb":{"runtime":55},"test_f1":0.8773464145206393,"test_recall":0.8774639590769405,"val_f1":0.8807112058156467,"test_accuracy":0.8798,"test_loss":0.47642616601989174,"_runtime":55}