{"val_precision":0.8718959334334245,"_timestamp":1.7711585831450496e+09,"epoch":10,"test_f1":0.8707823280911567,"val_f1":0.8701527763662875,"_wandb":{"runtime":38},"_runtime":38,"test_loss":0.5120081646225182,"confusion_matrix_table":{"path":"media/table/confusion_matrix_table_10_950ebc058dbfe19b250b.table.json","_type":"table-file","size":1827,"_latest_artifact_path":"wandb-client-artifact://2xpynvpuy6hlb80ld0bjrell1aft27ju2syr7z1cfl50htoefvzppnkjbpw05wbh03jw8dx8htzj0dtj82am5n38r2gn1rpfklfbhfy50w09s3ugvqq7y4b5ipyt39dy:latest/confusion_matrix_table.table.json","log_mode":"IMMUTABLE","ncols":3,"nrows":100,"sha256":"950ebc058dbfe19b250b54aab60c85ac4a2f6ca05981e7de14ea527805164e3e","artifact_path":"wandb-client-artifact://mtyqmx4j1fhj0rn8d3mfi7nwcjpday6nm3dj6jp7vvd1nqskiwio5it60h9oierzf6dk4inpxq9dozz3s7e5h6xou2cvilld3hqwmo5csmacre342w0gdilnmyaebpzc/confusion_matrix_table.table.json"},"train_loss":0.5278132575509313,"val_recall":0.8708035692571894,"val_loss":0.5172600688562408,"test_precision":0.8729278135008137,"test_recall":0.8708559642292316,"test_accuracy":0.8736,"val_accuracy":0.8723333333333333,"_step":10}