{"val_recall":0.9716956138319073,"confusion_matrix_table":{"artifact_path":"wandb-client-artifact://cn7667y4d0kjvi61n4li7lv951cnkf8ct61b1pucf63gy1qmfh745usgndmwh641gi6wjjwb1mgocth52zuryg80rve0nh56nr1oz9a1ozs7a1fmmjemonmvi37hrssj/confusion_matrix_table.table.json","sha256":"5d59eb942f4833ecff0001a6720766da796db283b800257d66c51d76b91a0332","log_mode":"IMMUTABLE","size":1790,"_latest_artifact_path":"wandb-client-artifact://m08c8vgbl30tqyb3e1vv22suhextnk7buuf9reeeo1k0i6352iqanpmyuu98kbb4t9ksi97g1da1u2mkdc148yb5zevxs8fpzvuqb2j1x9pl8mcopcou054ykjx5dtnf:latest/confusion_matrix_table.table.json","ncols":3,"path":"media/table/confusion_matrix_table_10_5d59eb942f4833ecff00.table.json","_type":"table-file","nrows":100},"train_loss":0.04938433785329584,"val_precision":0.9720821864917516,"val_loss":0.10901674355806498,"val_f1":0.9718430185144786,"_wandb":{"runtime":52},"test_loss":0.0951077815495348,"test_precision":0.9710565328589975,"epoch":10,"_step":10,"test_recall":0.9705438991664085,"test_f1":0.9707161478835447,"test_accuracy":0.9709,"_runtime":52,"_timestamp":1.7711439147678604e+09,"val_accuracy":0.9718333333333333}