{"val_recall":0.9437618174673477,"val_accuracy":0.944,"epoch":10,"val_loss":0.1922622606821218,"_wandb":{"runtime":54},"confusion_matrix_table":{"artifact_path":"wandb-client-artifact://6mddck9ll9067on593ofsaxljqy1ukdslhl8w5lvl03mrm1s39y8d22kl2yv2suyft44zulckl0n7j2pgmjkbk44tevd421vehtxvdv2p7gvdikgzy7udsz991xo43e6/confusion_matrix_table.table.json","_latest_artifact_path":"wandb-client-artifact://gx6tbikxk0hamfgggomyd5mhzsow4oe4lly4kzaddhopf69fec2picz7ktx8cmrqohxugc4xvfmoq72fz4tc673z9bggd8dt6yb6bnnf65nanunjsovsjadc5bmfjnx3:latest/confusion_matrix_table.table.json","nrows":100,"log_mode":"IMMUTABLE","sha256":"a52ee2f487b9129c67c73ab4ca1bb6fafeacb2177c6096d1453c861a2f9e9dfb","size":1803,"path":"media/table/confusion_matrix_table_10_a52ee2f487b9129c67c7.table.json","_type":"table-file","ncols":3},"test_recall":0.9447094743740084,"val_f1":0.9437187802949655,"test_accuracy":0.9452,"test_precision":0.9449132990560795,"test_loss":0.18658506218242846,"_timestamp":1.7711472539643922e+09,"_step":10,"test_f1":0.944720339788694,"train_loss":0.18136319169637533,"_runtime":54,"val_precision":0.9438636221855348}