{"test_loss":0.19567989264150346,"val_recall":0.9444655448156254,"test_recall":0.9580708422415063,"test_accuracy":0.9583,"val_f1":0.9451100467539021,"_runtime":53,"train_loss":0.1962486681147529,"test_precision":0.9580935072259166,"val_accuracy":0.945,"test_f1":0.9579036294664653,"epoch":5,"confusion_matrix_table":{"_type":"table-file","_latest_artifact_path":"wandb-client-artifact://v5k3qavhxdvgyl4zmvq3om6ndh1nttglt7thw1zu2y6862lvvgn8xws5t9v5gvtseltvw7xrlzcs91cvmqafmco3kpkwye5yx7xsl5ujbz3abdbznjuwgppjcnb08jhj:latest/confusion_matrix_table.table.json","nrows":100,"sha256":"b42c98c5a8cef8e799e5c91d72c5a61b27c5d179a045954a8764cece394d0511","ncols":3,"artifact_path":"wandb-client-artifact://rn12b9dr11decifm9odvz3w5n4r1vi968ughaazek12qqvweq157xbx6s4af26svb66py5fnqof3a29ok9jq6pn5f45wd5fyhrljb9hjojed6n39g6egk50mt0lirf48/confusion_matrix_table.table.json","size":1798,"path":"media/table/confusion_matrix_table_5_b42c98c5a8cef8e799e5.table.json","log_mode":"IMMUTABLE"},"_wandb":{"runtime":53},"_step":5,"val_precision":0.9479618576271369,"_timestamp":1.7711574661549356e+09,"val_loss":0.2724890552685528}