{"val_loss":0.11204033237152992,"val_precision":0.9677659215602429,"_step":10,"test_precision":0.9718152474406254,"_timestamp":1.771154751628418e+09,"val_accuracy":0.9676666666666667,"test_accuracy":0.9718,"confusion_matrix_table":{"_latest_artifact_path":"wandb-client-artifact://tnt7f7qirj98n8cwc9x41izbqigwj16r5o9i91j9bgas563uo9xcv3xxvkct6pl66lr67umy34rchk9yoi3dcw0ijgi8hwrgvjxmpnwge1eq8syvzdw9vpdguexzodf3:latest/confusion_matrix_table.table.json","_type":"table-file","ncols":3,"artifact_path":"wandb-client-artifact://wgi3q9j6t2uah9ped4gfr4b606gywisqfpsx0ywkttisdecb0miamk2l4g5s37mdpr3sd3a6jcrlwg2cfiqtldkyw74mqy0fazv4bcq2clhzeg1bbvsvj74eshanq0ly/confusion_matrix_table.table.json","nrows":100,"size":1789,"sha256":"8095f06c00ff532634f59dee4e1136e6fa1b313e6c37a55879cfd47fef393f2e","path":"media/table/confusion_matrix_table_10_8095f06c00ff532634f5.table.json","log_mode":"IMMUTABLE"},"_wandb":{"runtime":41},"test_loss":0.09733982870182845,"train_loss":0.05867400110030427,"val_f1":0.9675606967603938,"test_f1":0.9715780708583448,"epoch":10,"val_recall":0.9675766306655345,"test_recall":0.9714563002847058,"_runtime":41}