{"val_recall":0.8340313287935002,"test_f1":0.8323577146012742,"_runtime":37,"_step":10,"_wandb":{"runtime":37},"val_f1":0.8328748663085085,"test_loss":0.7040070338592151,"test_recall":0.8327018915810239,"epoch":10,"val_loss":0.7107333816941472,"val_accuracy":0.8363333333333334,"test_accuracy":0.8365,"train_loss":0.7246048318737027,"confusion_matrix_table":{"path":"media/table/confusion_matrix_table_10_04aecef8a76948054196.table.json","sha256":"04aecef8a769480541961ea6bc6be64028c170a9aa41ef4a9f376879f165fa4e","_type":"table-file","size":1836,"artifact_path":"wandb-client-artifact://nt05d5dml2vwxo4x6v7jj5zd5bmcsswedg4bzok3y6ekqkvhudc4lqcv43yti1qxpc82l0bxqao1smtnu8qwjddq4xp15im47iffrpe4l8dqa7zxpybo6jj5g7dess0e/confusion_matrix_table.table.json","_latest_artifact_path":"wandb-client-artifact://rn4izb3b1xq31wh2i02jdz1tbif6op3rs64uzw1pfjbu139om2olc37h0gfe8mfc0van07jpixhyyeoxtl3ve87nusi6fbo0z0kiw6rc6eygrdqa2ydhqb8je1weoc80:latest/confusion_matrix_table.table.json","log_mode":"IMMUTABLE","ncols":3,"nrows":100},"_timestamp":1.7711469384767985e+09,"val_precision":0.8384382623179188,"test_precision":0.8377554453875977}