{"_timestamp":1.7729002343919425e+09,"test_accuracy":0.3019,"val_loss":1.737944221667343,"_step":153,"test_loss":1.7452525471765428,"train_loss":1.7866103203952615,"grad_neuron_1":0.16988369039653733,"val_accuracy":0.30083333333333334,"val_recall":0.2989716177762084,"iteration":49,"val_f1":0.20134743363370194,"_runtime":8,"test_precision":0.1766381178073853,"grad_neuron_0":0.12422686993797569,"grad_neuron_2":0.14212729202874147,"epoch":3,"test_recall":0.2919293788879954,"val_precision":0.17976835141872213,"confusion_matrix_table":{"size":1835,"log_mode":"IMMUTABLE","path":"media/table/confusion_matrix_table_153_bb0ab2cd914e452b03c5.table.json","_type":"table-file","nrows":100,"sha256":"bb0ab2cd914e452b03c526147c781fc2b54525412f015c4b6ef4ff38efb2e007","_latest_artifact_path":"wandb-client-artifact://suno0juseyvk50v4d58g84ykcnew2cgzxybuvsj3ug2fhbfkzfbq7vkezfnzt7mityar2l4kgbzh11yptt1o7ep5aqjh533o68shy8bu8aj3b0whimsx9gin01sok8j8:latest/confusion_matrix_table.table.json","artifact_path":"wandb-client-artifact://qm4316gaxrb1qgj511szb09j75z7nul0kd2w5tupeip9qjf1eywvezegfrnrm6fr2hi3mphg197s938yrp0i8pyri1rmva0qc7jkisuie2p8ifygjh1w7tjduaxzye9n/confusion_matrix_table.table.json","ncols":3},"test_f1":0.19706345252570573,"_wandb":{"runtime":8}}