{"_timestamp":1.7711568382676313e+09,"confusion_matrix_table":{"ncols":3,"log_mode":"IMMUTABLE","size":1786,"_type":"table-file","artifact_path":"wandb-client-artifact://rimhz9kzzsevpqc1tt8up3yoh14lm0r59leif37jl5cdphqz0082l9uva9m2it0zz488yybziii6d4le2b4a8nehr5671t46iikysl18wsa1oewc6frn70krge8k7znn/confusion_matrix_table.table.json","path":"media/table/confusion_matrix_table_10_35f8e829cd0e5151ecb6.table.json","_latest_artifact_path":"wandb-client-artifact://xvrf6e12cnop9v4xn19qf9t084oy3t68wybly7kuhh9hu4e1t4ualcb7ybusp7s6xyxcfo1ry12qwehby7fkni5bxd76n9xyl35sjdl6s7n6nnxc7yzidhsbfcw3vdzq:latest/confusion_matrix_table.table.json","sha256":"35f8e829cd0e5151ecb6e06330379aeaee3ab85b68d8f3d3fc591e9833e54e4f","nrows":100},"_step":10,"val_precision":0.9773662677865385,"test_f1":0.9769714926875845,"val_accuracy":0.9775,"test_recall":0.9767921281911163,"val_recall":0.9774638161227159,"val_loss":0.09742014824480101,"epoch":10,"test_precision":0.9772689100163273,"_runtime":58,"test_accuracy":0.9771,"test_loss":0.08010665045290682,"val_f1":0.977388675109869,"train_loss":0.028587438983744835,"_wandb":{"runtime":58}}