{"val_precision":0.9744045408388438,"test_accuracy":0.9728,"_wandb":{"runtime":62},"train_loss":0.05047833618397043,"confusion_matrix_table":{"ncols":3,"log_mode":"IMMUTABLE","_latest_artifact_path":"wandb-client-artifact://rek160zxcrvb17l1nh5rpo8tdosu3rwhpfovxh8ue57hii3c0w7figrgkcfcdi4eovx580gs29g5qbm1pj3z25pfq2jjs1w4fe6jxkx1qbqwwzfzff3gmehyfjnad56u:latest/confusion_matrix_table.table.json","nrows":100,"sha256":"795c94139c0110afb441ec602ba600f93e61abe8ce6cd9942528452180c8265c","artifact_path":"wandb-client-artifact://jw1ndttx7g2ukmwew2ylbuakqnqtt907l1ia1i647eb3hdxq4to7sg3febxi476aknrzv82lbis44x0nhnnyd00fl9pquckr0t5eptb8l647g08fcj7w7h1pck7110z9/confusion_matrix_table.table.json","_type":"table-file","size":1791,"path":"media/table/confusion_matrix_table_10_795c94139c0110afb441.table.json"},"val_accuracy":0.9743333333333334,"_timestamp":1.7728381208295186e+09,"epoch":10,"val_recall":0.9742677531769406,"val_loss":0.0934785041248673,"test_loss":0.09072696609292928,"_runtime":62,"_step":10,"test_f1":0.9726104970653642,"val_f1":0.9742928031459378,"test_recall":0.9726254212140688,"test_precision":0.9726826368852102}