{"epoch":6,"test_recall":0.973316884940812,"train_loss":0.03711533163759408,"_timestamp":1.7711450878978558e+09,"val_f1":0.9730828719085686,"val_precision":0.9734167509182388,"val_accuracy":0.973,"_step":6,"val_loss":0.09715341037473017,"confusion_matrix_table":{"sha256":"1d5b1fa9ce1caaf22309b61331fe3fb750551233be7c21f395d6022e441b6c58","log_mode":"IMMUTABLE","size":1788,"path":"media/table/confusion_matrix_table_6_1d5b1fa9ce1caaf22309.table.json","_latest_artifact_path":"wandb-client-artifact://6zk0y6rjxb3s6v5qkngd259qendfz75h1jr3quwsb2i0piivgvz5s5027l8d78c1qfws6tgajqyvyfkrd102q9u52sy9d32m15aa9docxobvblij35s0h553wkv0vug6:latest/confusion_matrix_table.table.json","artifact_path":"wandb-client-artifact://ppx77k5ohq2w2lcjsgv6pleqkdv6id41n9qe27dy49518s5zrwg3v4cmlo7uowh6vf0vyyffuijt0y5dlheku5symm4rp26dayfmzn1ohv428k9403ll2o24326m0lc5/confusion_matrix_table.table.json","ncols":3,"nrows":100,"_type":"table-file"},"test_f1":0.9733742326065716,"test_accuracy":0.9735,"val_recall":0.9728608872715508,"test_precision":0.9736579375273706,"_runtime":361,"_wandb":{"runtime":361},"test_loss":0.0881014459282232}