{"val_recall":0.9730612764786402,"train_loss":0.02761235897384482,"test_recall":0.9774619777267309,"_runtime":204,"confusion_matrix_table":{"_type":"table-file","log_mode":"IMMUTABLE","sha256":"c5fe602cb3f047ce3c136746a08ba8e61597b939ed2ee4eca32b8cc976c4bce9","path":"media/table/confusion_matrix_table_7_c5fe602cb3f047ce3c13.table.json","ncols":3,"artifact_path":"wandb-client-artifact://0vqoyhkhei4rpj7l7a64xcovqrv76cuse5qt4ydo13zwizhgjpfxany0m863ealnqhpkltzl5t3x6sfvlqmhprmjc8dmim77twb42yz835e34odqmdc00yiwdk5ml8ja/confusion_matrix_table.table.json","nrows":100,"size":1787,"_latest_artifact_path":"wandb-client-artifact://tme2r1gpxbj1zuw46kdmyzgp0w886xgxipbhb050yokbo278hsqa36688l49avua8ctylrf5irerzvw2fvyang1popkwfdca7bm4ew1i4uqke4eby1jx19hhxi0v3ks5:latest/confusion_matrix_table.table.json"},"test_loss":0.07936366097023735,"val_f1":0.9728898252271361,"epoch":7,"val_accuracy":0.9728333333333333,"_timestamp":1.771157917359737e+09,"test_f1":0.9774706499136789,"_wandb":{"runtime":204},"test_accuracy":0.9776,"val_precision":0.9728440218676078,"test_precision":0.9777264860350053,"_step":7,"val_loss":0.10994296210284168}