{"test_precision":0.94684058666698,"val_f1":0.9454471078627934,"_wandb":{"runtime":78},"confusion_matrix_table":{"_type":"table-file","path":"media/table/confusion_matrix_table_10_38533bc8eace3ae7fb65.table.json","ncols":3,"size":1802,"sha256":"38533bc8eace3ae7fb65ea2bb794f18fe38b5ae7cd3ddbefdae224de3c1c05d7","log_mode":"IMMUTABLE","artifact_path":"wandb-client-artifact://th52i96xvolkftum62aso39n2imuhpgeo28xkwdizylkgjbz9vihy1l27fxsm916tgsbh8jq8ashjjdrypit8g7z89993bp9ywp67neu2bvqdr2hdlk91rm8vk7n4pf7/confusion_matrix_table.table.json","nrows":100,"_latest_artifact_path":"wandb-client-artifact://xwwd52omsfmpbhtnyyvwgzspjbz8yw1hb9994zb1utkexreoy5ttm1oi5j2wqs7ee7bdtvkhkkzsix2ppg7m6ypwxaf5g69zsru2vys0ox24484g9dka2md95z59ut73:latest/confusion_matrix_table.table.json"},"_runtime":78,"val_precision":0.94576007402793,"test_f1":0.9467736883903161,"_step":10,"val_accuracy":0.9458333333333333,"test_accuracy":0.9473,"test_loss":0.18556848960794606,"val_loss":0.19203011906848208,"epoch":10,"_timestamp":1.772835892552338e+09,"val_recall":0.9453946271376186,"test_recall":0.9469096146128697,"train_loss":0.17974368896120452}