{"train_loss":0.18248691930681687,"test_f1":0.9436598234933049,"test_loss":0.18896211041471456,"test_precision":0.9438774784925817,"_timestamp":1.772836725291762e+09,"confusion_matrix_table":{"artifact_path":"wandb-client-artifact://yufg8a5xh1gyyqhm2z8giyikwv9bgs5j9ui6b0muzhodpg34febxp454s3dy354yjtvddxtt81qxrform4kv36vxrady2syok17v9zpwgj4yjzzce5frb32m6n4py4uy/confusion_matrix_table.table.json","path":"media/table/confusion_matrix_table_10_52574495d56c370da19c.table.json","_latest_artifact_path":"wandb-client-artifact://9feihrmq85d6s163xthpzi6bumujp7u079jro5v93zo7beelyh3d5476hnnhnwzzmq7ry24awr20330a3b76enbx3815mmp4mn4r0ugs3xhha7f83agjz4e4d1avou4x:latest/confusion_matrix_table.table.json","sha256":"52574495d56c370da19ccd15358278b15384953f3497580477d499c453ff8f9e","nrows":100,"_type":"table-file","ncols":3,"size":1806,"log_mode":"IMMUTABLE"},"val_loss":0.19491989443425065,"test_accuracy":0.9443,"_step":10,"test_recall":0.9437798169427761,"val_f1":0.9431556429230156,"val_recall":0.9431166227370149,"_wandb":{"runtime":66},"epoch":10,"val_precision":0.9435075191362795,"_runtime":66,"val_accuracy":0.9435}