{"test_precision":0.9759897032558003,"val_f1":0.9759596955402863,"val_precision":0.9761528990656666,"test_recall":0.9757000772913781,"train_loss":0.0021340956945254666,"_step":10,"test_accuracy":0.976,"_timestamp":1.7728420638928332e+09,"val_recall":0.9758167049529133,"confusion_matrix_table":{"_latest_artifact_path":"wandb-client-artifact://1334ys8q7au0pov8i36uvgrxzkqunp11lui6pls85j4pyl091jrusjpu5zx2ff0qelwdoel05qwd71hndf3dj9q9ascu3urr6zvpbunwujcirs3xc4y5r9s2ymcx12ya:latest/confusion_matrix_table.table.json","_type":"table-file","artifact_path":"wandb-client-artifact://dyvuog762oc7lpjmj8hp9d18a70a474nz0v3cncktnvycorrniy3nkwfafvf39exttpijw5uzmtvs1g7zsooygydpdkjm1619n3zmxb4vuu1fmynfl67w3a3bszuvo20/confusion_matrix_table.table.json","path":"media/table/confusion_matrix_table_10_dc601eb2af285c00ce83.table.json","ncols":3,"nrows":100,"sha256":"dc601eb2af285c00ce83ade6902bf9fd7e9914d23ae9e991c776375fae55729f","log_mode":"IMMUTABLE","size":1786},"_runtime":69,"val_loss":0.004194322859778889,"epoch":10,"test_f1":0.9758176558745749,"test_loss":0.00396666180123107,"val_accuracy":0.976,"_wandb":{"runtime":69}}